Geography,Time Period,Time Period End Date,Product Universe,Product Level,Department,Category,Subcategory,Brand,UPC,Description,Dollars,"Dollars, Yago",Units,"Units, Yago",Avg % ACV,"Avg % ACV, Yago",Max % ACV,"Max % ACV, Yago",TDP,"TDP, Yago","Dollars, Promo","Dollars, Promo, Yago","Dollars, Non-Promo","Dollars, Non-Promo, Yago","Units, Promo","Units, Promo, Yago","Units, Non-Promo","Units, Non-Promo, Yago",Base Dollars,"Base Dollars, Yago",Base Units,"Base Units, Yago",Incr Dollars,"Incr Dollars, Yago",Incr Units,"Incr Units, Yago","Dollars, Display Only","Dollars, Display Only, Yago","Dollars, Feature Only","Dollars, Feature Only, Yago","Dollars, Feature & Display","Dollars, Feature & Display, Yago","Dollars, TPR","Dollars, TPR, Yago","Units, Display Only","Units, Display Only, Yago","Units, Feature Only","Units, Feature Only, Yago","Units, Feature & Display","Units, Feature & Display, Yago","Units, TPR","Units, TPR, Yago",promoted_price,promoted_price_yago,discount_percentage,discount_percentage_yago,"Avg % ACV, Any Display","Avg % ACV, Any Display, Yago","Avg % ACV, Any Feature","Avg % ACV, Any Feature, Yago","Avg % ACV, Display Only","Avg % ACV, Display Only, Yago","Avg % ACV, Feature Only","Avg % ACV, Feature Only, Yago","Avg % ACV, Feature & Display","Avg % ACV, Feature & Display, Yago","Avg % ACV, TPR","Avg % ACV, TPR, Yago","Max % ACV, Any Display","Max % ACV, Any Display, Yago","Max % ACV, Any Feature","Max % ACV, Any Feature, Yago","Max % ACV, Display Only","Max % ACV, Display Only, Yago","Max % ACV, Feature Only","Max % ACV, Feature Only, Yago","Max % ACV, Feature & Display","Max % ACV, Feature & Display, Yago","Max % ACV, TPR","Max % ACV, TPR, Yago","TDP, Any Display","TDP, Any Display, Yago","TDP, Any Feature","TDP, Any Feature, Yago","TDP, Display Only","TDP, Display Only, Yago","TDP, Feature & Display","TDP, Feature & Display, Yago","TDP, Feature Only","TDP, Feature Only, Yago","TDP, TPR","TDP, TPR, Yago",list_price,list_price_yago,Velocity Dollars,Velocity Units,"Velocity Dollars, Yago","Velocity Units, Yago"
TOTAL US - FOOD,WEEK,01/01/2017,TPL,BRAND,REFRIGERATED,REFRIGERATED JUICES & FUNCTIONAL BEVERAGES,RF JUICE & JUICE DRINKS & OTHER FUNCTIONAL BEV,MINUTE MAID,,MINUTE MAID,3365694.85,3530390.85,1838526.76,1998154.14,95.2,95.07,95.2,95.07,733.65,717.93,916531.29,1260525.59,2449163.56,2269865.26,615024.26,935246.49,1223502.5,1062907.65,2927746.98,2875275.67,1427355.86,1361927.39,437947.87000000011,655115.18000000017,411170.89999999991,636226.75,51034.25,51847.71,400626.03,514049.1,24000.42,132425.66,440870.59,562203.12,29126.35,35366.71,327584.84,418044.83,21806.9,115521.59,236506.17,366313.36,1.49023599491831,1.3478003964495,0.185951526362366,0.237162949802229,4.38,5.51,13.53,11.48,3.95,2.43,13.49,11.28,0.86,3.74,36.6,28.2,4.38,5.51,13.53,11.48,3.95,2.43,13.49,11.28,0.86,3.74,36.6,28.2,9.49,17.28,69.38,71.49,6.84,4.63,2.66,12.65,66.72,58.85,97.97,79.98,1.8306477355815,1.76682608179567,3535393.75,1931225.588235294,3713464.657620701,2101771.4736509942
TOTAL US - FOOD,WEEK,01/08/2017,TPL,BRAND,REFRIGERATED,REFRIGERATED JUICES & FUNCTIONAL BEVERAGES,RF JUICE & JUICE DRINKS & OTHER FUNCTIONAL BEV,MINUTE MAID,,MINUTE MAID,3599630.8,3325621.24,1802543.62,1655479.85,94.83,95.13,94.83,95.13,733.18,718.91,859100.07,870325.68,2740530.73,2455295.56,495273.11,501366.06,1307270.51,1154113.79,3317603.34,3060899.27,1613939.55,1458698.14,282027.45999999996,264721.9700000002,188604.07000000007,196781.7100000002,59589.55,78727.86,331391.75,305621.5,65535.15,40687.14,402583.62,445289.18,32314.52,44247.4,201251.38,197837.21,41202.88,28250.31,220504.33,231031.14,1.73459865406382,1.73590864926118,0.131385991823573,0.13587219262149,6.25,4.27,11.02,10.78,5.63,3.65,10.74,10.6,1.39,0.79,30.88,34.38,6.25,4.27,11.02,10.78,5.63,3.65,10.74,10.6,1.39,0.79,30.88,34.38,13.89,10.69,42.84,36.89,10.21,8.51,3.68,2.19,39.16,34.7,85.7,93.54,1.99697292207553,2.00885636874408,3795877.675840978,1900815.7966888116,3495870.1145800487,1740229.0024177444
TOTAL US - FOOD,WEEK,01/15/2017,TPL,BRAND,REFRIGERATED,REFRIGERATED JUICES & FUNCTIONAL BEVERAGES,RF JUICE & JUICE DRINKS & OTHER FUNCTIONAL BEV,MINUTE MAID,,MINUTE MAID,3422821.55,3234286.37,1696362.81,1615177.22,95.06,94.87,95.06,94.87,729.58,720.11,594728.83,643778.67,2828092.72,2590507.7,282863.16,379765.26,1413499.65,1235411.96,3254306.17,3039264.96,1593164.28,1450819.68,168515.37999999989,195021.41000000015,103198.53000000003,164357.54000000004,72047,64141.89,216499.79,94803.27,21425.48,6160.71,284756.56,478672.8,40583.6,35384.75,92741.1,48443.57,8330.6,2851.42,141207.86,293085.52,2.10253194512852,1.69520158320959,-4.20224795397189e-002,0.153429638789821,8.7,3.81,29.32,6.52,6.33,3.61,27.68,6.39,2.58,0.25,26.52,25.02,8.7,3.81,29.32,6.52,6.33,3.61,27.68,6.39,2.58,0.25,26.52,25.02,15.14,8.35,50.65,19.82,11.92,7.87,3.22,0.47,47.43,19.35,67.68,93.2,2.01774144647748,2.00243436444702,3600695.9288870185,1784517.9991584264,3409177.1582165067,1702516.3065247177
TOTAL US - FOOD,WEEK,01/22/2017,TPL,BRAND,REFRIGERATED,REFRIGERATED JUICES & FUNCTIONAL BEVERAGES,RF JUICE & JUICE DRINKS & OTHER FUNCTIONAL BEV,MINUTE MAID,,MINUTE MAID,3472900.03,3647361.66,1834776.05,1956601.48,94.75,94.91,94.75,94.91,740.14,724.18,1346757.24,1645190.66,2126142.79,2002171,817786.83,1050467.35,1016989.22,906134.13,3082365.65,3037982.49,1506322.52,1459074.73,390534.37999999989,609379.16999999993,328453.53,497526.75,71256.26,61115.46,662026.18,802370.33,122468.53,205648.19,491006.27,576056.68,42971.84,39462.06,435888.24,544975.1,89549.02,153877.59,249377.73,312152.6,1.64683165660665,1.56615116119506,0.129958462431266,0.159849237462792,11.84,13.23,28.55,26.87,5.37,4.59,27.59,25.1,7.01,9.39,45.83,36.62,11.84,13.23,28.55,26.87,5.37,4.59,27.59,25.1,7.01,9.39,45.83,36.62,25.55,27.37,123.11,108.67,10.96,8.17,14.59,19.2,108.52,89.46,115.78,124.06,1.89281957871643,1.86413109531124,3665329.846965699,1936439.1029023747,3842968.7704140767,2061533.537035086
TOTAL US - FOOD,WEEK,01/29/2017,TPL,BRAND,REFRIGERATED,REFRIGERATED JUICES & FUNCTIONAL BEVERAGES,RF JUICE & JUICE DRINKS & OTHER FUNCTIONAL BEV,MINUTE MAID,,MINUTE MAID,3296099.75,3191248.21,1802818.75,1741603.36,94.92,94.78,94.92,94.78,743.01,719.28,1531066.65,1428299.08,1765033.1,1762949.13,1028647.16,941910.53,774171.59,799692.83,2916102.17,2806042.17,1433147.79,1350372.57,379997.58000000007,385206.04000000004,369670.95999999996,391230.79000000004,173360.53,193045.09,544623.02,318778.18,102564.6,94104.12,710518.5,822371.69,127142.31,147993.4,357035.33,205964.67,84068.72,72095.36,460400.8,515857.1,1.48842743122919,1.51638508595928,0.185896943490768,0.17244250933381,12.53,15.17,16.25,19.58,11.05,10.65,16.13,18.66,2.25,5.09,43.16,40.36,12.53,15.17,16.25,19.58,11.05,10.65,16.13,18.66,2.25,5.09,43.16,40.36,28.14,33.17,95.07,72.33,21.36,21.29,6.78,11.89,88.29,60.45,130.79,148.89,1.8283034553529,1.83236222626488,3472502.89717657,1899303.3607248208,3367005.918970247,1837522.0088626293
TOTAL US - FOOD,WEEK,02/05/2017,TPL,BRAND,REFRIGERATED,REFRIGERATED JUICES & FUNCTIONAL BEVERAGES,RF JUICE & JUICE DRINKS & OTHER FUNCTIONAL BEV,MINUTE MAID,,MINUTE MAID,3607812.29,3467501.89,1974040.88,1821088.29,95.2,94.91,95.2,94.91,756.15,726.63,1637548.8,1278404.3,1970263.49,2189097.59,1111178.22,806590.74,862862.66,1014497.55,3132339.06,3072979.82,1525919.34,1478235.06,475473.23,394522.0700000003,448121.5399999998,342853.23,86967.1,97713.26,443178.3,319810.91,105810.23,48034.57,1001593.17,812845.56,59618.55,62648.85,324570.79,218030.15,87123.9,32916.83,639864.98,492994.91,1.47370491117078,1.58494790059206,0.193651579997285,0.167605338485254,6.88,7.6,13.23,11.1,5.12,6.91,13.19,10.66,2.23,0.96,48.84,40.72,6.88,7.6,13.23,11.1,5.12,6.91,13.19,10.66,2.23,0.96,48.84,40.72,16.96,15.31,64.34,34.33,9.55,12.79,7.41,2.52,56.93,31.81,166.12,141.52,1.8276279516562,1.90408225072932,3789718.7920168065,2073572.3529411762,3653463.165103783,1918752.807923296
TOTAL US - FOOD,WEEK,02/07/2016,TPL,BRAND,REFRIGERATED,REFRIGERATED JUICES & FUNCTIONAL BEVERAGES,RF JUICE & JUICE DRINKS & OTHER FUNCTIONAL BEV,MINUTE MAID,,MINUTE MAID,3467501.89,3066121.01,1821088.29,1441663.26,94.91,95.36,94.91,95.36,726.63,755.09,1278404.3,700470.04,2189097.59,2365650.97,806590.74,369205.16,1014497.55,1072458.1,3072979.82,2856199.84,1478235.06,1304227.74,394522.0700000003,209921.16999999993,342853.23,137435.52000000002,97713.26,97188.42,319810.91,37962.87,48034.57,1241.47,812845.56,564077.28,62648.85,64936.04,218030.15,16614.74,32916.83,743.4,492994.91,286910.98,1.58494790059206,1.89723794759532,0.167605338485254,0.107935324272811,7.6,2.83,11.1,3.34,6.91,2.81,10.66,3.34,0.96,0.02,40.72,42.18,7.6,2.83,11.1,3.34,6.91,2.81,10.66,3.34,0.96,0.02,40.72,42.18,15.31,6.21,34.33,9.09,12.79,6.16,2.52,0.05,31.81,9.04,141.52,115.09,1.90408225072932,2.1267941655113,3653463.165103783,1918752.807923296,3215311.4618288586,1511811.3045302012
TOTAL US - FOOD,WEEK,02/12/2017,TPL,BRAND,REFRIGERATED,REFRIGERATED JUICES & FUNCTIONAL BEVERAGES,RF JUICE & JUICE DRINKS & OTHER FUNCTIONAL BEV,MINUTE MAID,,MINUTE MAID,3578747.27,3399449.41,1809089.61,1716495.8,94.98,95.11,94.98,95.11,758.88,728.21,794376.69,835841.31,2784370.58,2563608.1,435565.58,479153.81,1373524.03,1237341.99,3300460.72,3147550.62,1616186.43,1514743.83,278286.54999999981,251898.79000000004,192903.18000000017,201751.96999999997,122041.53,85200.87,232617.58,196876.56,19458.85,12466.71,420258.73,541297.17,74842.13,49193.8,128130.46,114364.25,10969.29,5516.78,221623.7,310078.98,1.82378205826089,1.74441127787338,7.80614210558105e-002,0.11918835352155,7.14,6.03,10.54,7.38,6.38,5.68,10.51,6.92,1.35,0.63,34.67,40.18,7.14,6.03,10.54,7.38,6.38,5.68,10.51,6.92,1.35,0.63,34.67,40.18,16.54,11.73,56.38,41.41,13.88,10.46,2.66,1.28,53.72,40.14,86.72,98.27,1.97820342907171,1.98045891519222,3767895.6306590857,1904705.843335439,3574229.2187992856,1804747.9760277574
TOTAL US - FOOD,WEEK,02/14/2016,TPL,BRAND,REFRIGERATED,REFRIGERATED JUICES & FUNCTIONAL BEVERAGES,RF JUICE & JUICE DRINKS & OTHER FUNCTIONAL BEV,MINUTE MAID,,MINUTE MAID,3399449.41,3292412.39,1716495.8,1634235.49,95.11,94.92,95.11,94.92,728.21,750.11,835841.31,968305.84,2563608.1,2324106.55,479153.81,617949.5,1237341.99,1016285.99,3147550.62,2901961.25,1514743.83,1328225.2,251898.79000000004,390451.14000000013,201751.96999999997,306010.29000000004,85200.87,57070.3,196876.56,367216.19,12466.71,126583.17,541297.17,417436.18,49193.8,32857.63,114364.25,264831.98,5516.78,98288.08,310078.98,221971.81,1.74441127787338,1.56696597375676,0.11918835352155,0.222214260366182,6.03,4.44,7.38,9.26,5.68,3.49,6.92,9.2,0.63,2.01,40.18,42.13,6.03,4.44,7.38,9.26,5.68,3.49,6.92,9.2,0.63,2.01,40.18,42.13,11.73,10.64,41.41,36.42,10.46,5.58,1.28,5.06,40.14,31.36,98.27,90.37,1.98045891519222,2.01464991437678,3574229.2187992856,1804747.9760277574,3468618.194268858,1721697.7349346818
TOTAL US - FOOD,WEEK,02/19/2017,TPL,BRAND,REFRIGERATED,REFRIGERATED JUICES & FUNCTIONAL BEVERAGES,RF JUICE & JUICE DRINKS & OTHER FUNCTIONAL BEV,MINUTE MAID,,MINUTE MAID,3476272.07,3227659.23,1760757.41,1645962.68,94.92,94.83,94.92,94.83,763.45,722.53,1259851.91,1014207.18,2216420.16,2213452.05,701775.75,586035.84,1058981.66,1059926.84,3128507.89,2991943.23,1522732.99,1443628.65,347764.1799999997,235716,238024.41999999993,202334.03000000003,93848.46,69121.83,684074.79,220536.42,105985.88,27281.63,375942.78,697267.3,53629.61,40686.71,383267.44,141436.61,71184.14,18163.15,193694.56,385749.37,1.79523431808523,1.73062313048977,9.07005940260415e-002,0.117459160665196,8.78,6.97,28.17,14.82,6.87,5.98,26.99,14.65,3.56,1.52,34.66,50.24,8.78,6.97,28.17,14.82,6.87,5.98,26.99,14.65,3.56,1.52,34.66,50.24,21.29,13.16,140.06,39.31,11.6,9.96,9.69,3.19,130.37,36.12,85.94,134.53,1.9743049498227,1.96095529334845,3662317.8150021066,1854990.9502739147,3403626.7320468207,1735698.281134662
TOTAL US - FOOD,WEEK,02/21/2016,TPL,BRAND,REFRIGERATED,REFRIGERATED JUICES & FUNCTIONAL BEVERAGES,RF JUICE & JUICE DRINKS & OTHER FUNCTIONAL BEV,MINUTE MAID,,MINUTE MAID,3227659.23,3491866.94,1645962.68,1867951.28,94.83,95.17,94.83,95.17,722.53,748.11,1014207.18,1279651.02,2213452.05,2212215.92,586035.84,837776.81,1059926.84,1030174.47,2991943.23,2850547.63,1443628.65,1321832.33,235716,641319.31,202334.03000000003,546118.95,69121.83,138959.16,220536.42,381552.87,27281.63,83367.91,697267.3,675771.08,40686.71,88515.49,141436.61,328170.85,18163.15,73675.68,385749.37,347414.79,1.73062313048977,1.52743666896199,0.117459160665196,0.182907788317249,6.97,7.38,14.82,8.79,5.98,6.29,14.65,8.51,1.52,3.13,50.24,48.22,6.97,7.38,14.82,8.79,5.98,6.29,14.65,8.51,1.52,3.13,50.24,48.22,13.16,17.58,39.31,45.46,9.96,10.61,3.19,6.97,36.12,38.49,134.53,149.13,1.96095529334845,1.86935653910631,3403626.7320468207,1735698.281134662,3669083.68183251,1962752.2118314595
TOTAL US - FOOD,WEEK,02/26/2017,TPL,BRAND,REFRIGERATED,REFRIGERATED JUICES & FUNCTIONAL BEVERAGES,RF JUICE & JUICE DRINKS & OTHER FUNCTIONAL BEV,MINUTE MAID,,MINUTE MAID,3229001.55,3478507.59,1630885.2,1807779.12,94.95,95,94.95,95,764.22,724.9,853170.97,1224860.99,2375830.58,2253646.6,465260.39,745572.56,1165624.81,1062206.56,3024693.68,2964062.08,1472741.31,1422271.54,204307.86999999965,514445.50999999978,158143.8899999999,385507.58000000007,108757.66,112380.57,167820.75,334355.34,10267.52,59783.39,566325.04,718341.69,62160.71,72418.83,103207.38,223988.28,4248.54,42277.73,295643.76,406887.72,1.83374941933054,1.6428461235215,7.38205782233925e-002,0.146213471543667,8.54,5.67,9.52,11.07,7.75,5.06,8.55,10.67,1.21,2.16,45.47,44.09,8.54,5.67,9.52,11.07,7.75,5.06,8.55,10.67,1.21,2.16,45.47,44.09,15.82,17.58,21.16,48.12,14.16,10.31,1.66,7.27,19.5,40.85,126.12,134.44,1.97990732272265,1.92418838757248,3400738.8625592412,1717625.2764612953,3661586.9368421054,1902925.3894736844
TOTAL US - FOOD,WEEK,02/28/2016,TPL,BRAND,REFRIGERATED,REFRIGERATED JUICES & FUNCTIONAL BEVERAGES,RF JUICE & JUICE DRINKS & OTHER FUNCTIONAL BEV,MINUTE MAID,,MINUTE MAID,3478507.59,3020971.57,1807779.12,1466760.07,95,95.05,95,95.05,724.9,739.26,1224860.99,719031.48,2253646.6,2301940.09,745572.56,423418.84,1062206.56,1043341.23,2964062.08,2781724.95,1422271.54,1283032.29,514445.50999999978,239246.61999999965,385507.58000000007,183727.78000000003,112380.57,55030.06,334355.34,168802.99,59783.39,101886.86,718341.69,393311.57,72418.83,30392.8,223988.28,115485.73,42277.73,76847.27,406887.72,200693.04,1.6428461235215,1.69815655817299,0.146213471543667,0.175500935900309,5.67,5.1,11.07,7.57,5.06,3.37,10.67,7.09,2.16,2.37,44.09,42.42,5.67,5.1,11.07,7.57,5.06,3.37,10.67,7.09,2.16,2.37,44.09,42.42,17.58,12.24,48.12,24.6,10.31,6.52,7.27,5.72,40.85,18.88,134.44,102.62,1.92418838757248,2.0596221780158,3661586.9368421054,1902925.3894736844,3178297.285639137,1543145.7864281957
TOTAL US - FOOD,WEEK,03/05/2017,TPL,BRAND,REFRIGERATED,REFRIGERATED JUICES & FUNCTIONAL BEVERAGES,RF JUICE & JUICE DRINKS & OTHER FUNCTIONAL BEV,MINUTE MAID,,MINUTE MAID,3567003.83,3688798.04,1825541.91,1920794.9,95.08,94.95,95.08,94.95,768.85,718.79,1315596.26,1717818.6,2251407.57,1970979.44,735942.29,1040380.82,1089599.62,880414.08,3203977.72,3088672.17,1565620.84,1480045.3,363026.10999999987,600125.87000000011,259921.06999999983,440749.59999999986,69508.7,79673.7,533844.22,637650.33,55039.58,132981.99,657203.76,867512.58,38195.56,41412.13,319154.74,401935.04,37181.56,86498.78,341410.43,510534.87,1.7876350875284,1.65114404934916,8.51137459895552e-002,0.140232391482398,6.46,9.29,14.68,25.49,5.31,3.52,14.45,24.21,1.25,6.44,49.21,37.54,6.46,9.29,14.68,25.49,5.31,3.52,14.45,24.21,1.25,6.44,49.21,37.54,12.41,19.33,91.7,93.3,9.62,6.52,2.79,12.81,88.92,80.49,128.26,154.76,1.95394244879319,1.92045389125096,3751581.6470340765,1920006.2158182582,3884990.036861506,2022954.0810953132
TOTAL US - FOOD,WEEK,03/06/2016,TPL,BRAND,REFRIGERATED,REFRIGERATED JUICES & FUNCTIONAL BEVERAGES,RF JUICE & JUICE DRINKS & OTHER FUNCTIONAL BEV,MINUTE MAID,,MINUTE MAID,3688798.04,3324725.76,1920794.9,1598643.56,94.95,95.54,94.95,95.54,718.79,743.54,1717818.6,886230.58,1970979.44,2438495.18,1040380.82,465148.92,880414.08,1133494.64,3088672.17,2962999.08,1480045.3,1363427.11,600125.87000000011,361726.6799999997,440749.59999999986,235216.44999999995,79673.7,55440.63,637650.33,308517.41,132981.99,32589.25,867512.58,489683.29,41412.13,30346.23,401935.04,172833.67,86498.78,19031.81,510534.87,242937.21,1.65114404934916,1.90526203952059,0.140232391482398,8.3883872096549e-002,9.29,3.76,25.49,8.18,3.52,2.76,24.21,8.07,6.44,1.25,37.54,41.31,9.29,3.76,25.49,8.18,3.52,2.76,24.21,8.07,6.44,1.25,37.54,41.31,19.33,8.68,93.3,48.57,6.52,5.36,12.81,3.32,80.49,45.26,154.76,113.14,1.92045389125096,2.07971673185235,3884990.036861506,2022954.0810953132,3479930.667783127,1673271.4674481892
TOTAL US - FOOD,WEEK,03/12/2017,TPL,BRAND,REFRIGERATED,REFRIGERATED JUICES & FUNCTIONAL BEVERAGES,RF JUICE & JUICE DRINKS & OTHER FUNCTIONAL BEV,MINUTE MAID,,MINUTE MAID,3769077.4,3793558.72,1957132.76,2014097.92,95.48,94.87,95.48,94.87,782.22,721.28,1184423.24,1649383.79,2584654.16,2144174.93,707893.16,997872.3,1249239.6,1016225.62,3392147.63,3106734.83,1664497.19,1508942.84,376929.77,686823.89000000013,292635.57000000007,505155.07999999984,120008.73,76433.87,588353.02,844444.47,128107.13,198640.44,347954.36,529865.01,72506.96,43607.9,361481.83,564683.35,90584.27,141855.12,183320.1,247725.93,1.67316666825824,1.65290066674864,0.131190752572961,0.12243251242858,9.79,9,33.53,26.08,7.13,2.84,32.93,24.33,4.17,6.45,27.77,35.7,9.79,9,33.53,26.08,7.13,2.84,32.93,24.33,4.17,6.45,27.77,35.7,23.61,20.6,101.14,109.27,12.47,5.72,11.14,14.88,90,94.39,80.96,102.99,1.92581590632615,1.88350262533412,3947504.6082949303,2049782.9493087556,3998691.5990302516,2123008.2428586483
TOTAL US - FOOD,WEEK,03/13/2016,TPL,BRAND,REFRIGERATED,REFRIGERATED JUICES & FUNCTIONAL BEVERAGES,RF JUICE & JUICE DRINKS & OTHER FUNCTIONAL BEV,MINUTE MAID,,MINUTE MAID,3793558.72,3183636.35,2014097.92,1496879.45,94.87,95.25,94.87,95.25,721.28,737.7,1649383.79,744106.75,2144174.93,2439529.6,997872.3,402653.86,1016225.62,1094225.59,3106734.83,2944006.49,1508942.84,1342639.75,686823.89000000013,239629.85999999987,505155.07999999984,154239.69999999995,76433.87,60708.33,844444.47,183771.32,198640.44,56464.25,529865.01,443162.85,43607.9,31627.62,564683.35,115247.48,141855.12,41773.29,247725.93,214005.47,1.65290066674864,1.84800600197897,0.12243251242858,0.131106098898833,9,4.36,26.08,4.57,2.84,4,24.33,4.33,6.45,1.06,35.7,37.06,9,4.36,26.08,4.57,2.84,4,24.33,4.33,6.45,1.06,35.7,37.06,20.6,8.28,109.27,21.19,5.72,6.29,14.88,1.99,94.39,19.2,102.99,116.21,1.88350262533412,2.12684885880423,3998691.5990302516,2123008.2428586483,3342400.3674540683,1571526.9816272964
TOTAL US - FOOD,WEEK,03/19/2017,TPL,BRAND,REFRIGERATED,REFRIGERATED JUICES & FUNCTIONAL BEVERAGES,RF JUICE & JUICE DRINKS & OTHER FUNCTIONAL BEV,MINUTE MAID,,MINUTE MAID,3743902.32,3473317.29,1940068.54,1798147.14,94.99,94.98,94.99,94.98,784.95,726.9,1239757.01,1245877.48,2504145.31,2227439.81,740712.7,772307.8,1199355.84,1025839.34,3360476.47,3051905.28,1644658.68,1476425.57,383425.84999999963,421412.01000000024,295409.8600000001,321721.56999999983,120090.73,92835.54,613422.89,435446.78,102862.37,28035.73,403381.02,689559.43,71967.2,59929.11,374072.63,270326.91,70633.15,18195.42,224039.72,423856.36,1.67373532275064,1.61318774716506,0.132680031044381,0.164847696984261,10.85,5.04,29.52,13.04,8.3,3.8,28.66,12.32,4.47,1.36,25.57,40.2,10.85,5.04,29.52,13.04,8.3,3.8,28.66,12.32,4.47,1.36,25.57,40.2,27.59,11.12,118.1,65.69,16.51,8.25,11.08,2.87,107.02,62.82,84.46,121.01,1.92977837782989,1.93160905063642,3941364.6910201074,2042392.3991999158,3656893.3354390394,1893185.028427037
TOTAL US - FOOD,WEEK,03/20/2016,TPL,BRAND,REFRIGERATED,REFRIGERATED JUICES & FUNCTIONAL BEVERAGES,RF JUICE & JUICE DRINKS & OTHER FUNCTIONAL BEV,MINUTE MAID,,MINUTE MAID,3473317.29,3152246.26,1798147.14,1526502.61,94.98,95.35,94.98,95.35,726.9,734.35,1245877.48,889073.57,2227439.81,2263172.69,772307.8,491872.56,1025839.34,1034630.05,3051905.28,2813028.3,1476425.57,1283125.82,421412.01000000024,339217.95999999996,321721.56999999983,243376.79000000004,92835.54,66105.82,435446.78,265955.57,28035.73,23957.59,689559.43,533054.59,59929.11,36987.15,270326.91,145919.47,18195.42,13921.66,423856.36,295044.28,1.61318774716506,1.80752829554062,0.164847696984261,0.124688735203193,5.04,4.12,13.04,10.45,3.8,3.29,12.32,10.17,1.36,1.35,40.2,35.09,5.04,4.12,13.04,10.45,3.8,3.29,12.32,10.17,1.36,1.35,40.2,35.09,11.12,9.26,65.69,54.17,8.25,6.53,2.87,2.72,62.82,51.45,121.01,129.19,1.93160905063642,2.06501203427356,3656893.3354390394,1893185.028427037,3305974.053487153,1600946.6282118512
TOTAL US - FOOD,WEEK,03/26/2017,TPL,BRAND,REFRIGERATED,REFRIGERATED JUICES & FUNCTIONAL BEVERAGES,RF JUICE & JUICE DRINKS & OTHER FUNCTIONAL BEV,MINUTE MAID,,MINUTE MAID,3425863.27,3118432.18,1737099.21,1566171.63,95.35,94.93,95.35,94.93,803.06,730.09,1036297.59,710629.56,2389565.68,2407802.62,571290.81,441757.19,1165808.4,1124414.44,3159655.74,2965744.83,1539470.14,1428549.01,266207.5299999998,152687.35000000009,197629.07000000007,137622.61999999988,149065.69,58530.54,211378.76,142214.12,7568.3,10746.33,668284.84,499138.57,91882.48,36363.75,113330.99,71796.41,5394.94,4597.25,360682.4,328999.78,1.81395809605269,1.60864288366195,8.02244785366947e-002,0.192090543654941,9.07,3.52,11.96,12.75,8.69,3.28,11.92,12.71,0.38,0.28,44.37,32.67,9.07,3.52,11.96,12.75,8.69,3.28,11.92,12.71,0.38,0.28,44.37,32.67,19.01,7.43,61.98,32.57,18.26,6.84,0.75,0.59,61.23,31.98,144.06,109.13,1.97217479017793,1.9911177806228,3592934.735186157,1821813.5395909809,3284980.7015695777,1649817.3706941956
TOTAL US - FOOD,WEEK,03/27/2016,TPL,BRAND,REFRIGERATED,REFRIGERATED JUICES & FUNCTIONAL BEVERAGES,RF JUICE & JUICE DRINKS & OTHER FUNCTIONAL BEV,MINUTE MAID,,MINUTE MAID,3118432.18,2945944.98,1566171.63,1394827.85,94.93,95.03,94.93,95.03,730.09,726.19,710629.56,775638.25,2407802.62,2170306.73,441757.19,424442.24,1124414.44,970385.61,2965744.83,2685666.15,1428549.01,1218641.43,152687.35000000009,260278.83000000007,137622.61999999988,176186.42000000016,58530.54,75833.24,142214.12,274345.73,10746.33,28392.97,499138.57,397066.31,36363.75,42332.65,71796.41,156715.82,4597.25,20067.59,328999.78,205326.18,1.60864288366195,1.8274294518849,0.192090543654941,0.134759980005025,3.52,4.36,12.75,9.53,3.28,3.97,12.71,9.32,0.28,0.77,32.67,28.11,3.52,4.36,12.75,9.53,3.28,3.97,12.71,9.32,0.28,0.77,32.67,28.11,7.43,10.49,32.57,49.42,6.84,8.55,0.59,1.94,31.98,47.48,109.13,87.7,1.9911177806228,2.11204915359268,3284980.7015695777,1649817.3706941956,3100015.763443123,1467776.3337893297
TOTAL US - FOOD,WEEK,04/02/2017,TPL,BRAND,REFRIGERATED,REFRIGERATED JUICES & FUNCTIONAL BEVERAGES,RF JUICE & JUICE DRINKS & OTHER FUNCTIONAL BEV,MINUTE MAID,,MINUTE MAID,3581258.46,3284187.1,1826397.44,1675081.16,95.07,94.66,95.07,94.66,828.53,732.79,1121332.05,1042934.19,2459926.41,2241252.91,653407.52,602121.21,1172989.92,1072959.95,3290167.84,2983233.76,1596605.54,1448113.81,291090.62000000011,300953.34000000032,229791.89999999991,226967.34999999986,112226.57,58121.01,431625.56,371705.21,59942.23,31935.97,517537.69,581172,63940.43,29506.58,292318.75,201592.57,46998.76,14580.09,250149.58,356441.97,1.71612969804816,1.73210007001746,0.124795118187828,0.116552100664139,8.46,5.1,9.25,17.56,7.63,4,9.01,17.14,1.8,1.55,39.47,40.66,8.46,5.1,9.25,17.56,7.63,4,9.01,17.14,1.8,1.55,39.47,40.66,20.59,11.81,75.01,95.52,14.95,7.71,5.64,4.1,69.37,91.42,120.01,110.04,1.96083195342192,1.96061371736758,3766970.085200379,1921108.0677395605,3469456.0532431863,1769576.5476442003
TOTAL US - FOOD,WEEK,04/03/2016,TPL,BRAND,REFRIGERATED,REFRIGERATED JUICES & FUNCTIONAL BEVERAGES,RF JUICE & JUICE DRINKS & OTHER FUNCTIONAL BEV,MINUTE MAID,,MINUTE MAID,3284187.1,3312638.95,1675081.16,1651036.63,94.66,95.02,94.66,95.02,732.79,728.64,1042934.19,937793.32,2241252.91,2374845.63,602121.21,574292.57,1072959.95,1076744.06,2983233.76,2897482.88,1448113.81,1328378.12,300953.34000000032,415156.0700000003,226967.34999999986,322658.50999999978,58121.01,100120.05,371705.21,202171.65,31935.97,31200.44,581172,604301.18,29506.58,61282.72,201592.57,149048.52,14580.09,24607.32,356441.97,339354.01,1.73210007001746,1.63295394889055,0.116552100664139,0.186127185782973,5.1,4.12,17.56,4.96,4,3.77,17.14,4.93,1.55,1.1,40.66,30.92,5.1,4.12,17.56,4.96,4,3.77,17.14,4.93,1.55,1.1,40.66,30.92,11.81,10.73,95.52,30.2,7.71,7.55,4.1,3.19,91.42,27.02,110.04,113.21,1.96061371736758,2.00639942797635,3469456.0532431863,1769576.5476442003,3486254.42012208,1737567.491054515
TOTAL US - FOOD,WEEK,04/09/2017,TPL,BRAND,REFRIGERATED,REFRIGERATED JUICES & FUNCTIONAL BEVERAGES,RF JUICE & JUICE DRINKS & OTHER FUNCTIONAL BEV,MINUTE MAID,,MINUTE MAID,3937820.42,3647293.66,2104779.7,1927693.76,95.21,94.75,95.21,94.75,839.56,739.64,1844655.27,1416495.57,2093165.15,2230798.09,1141966.78,883252.93,962812.92,1044440.83,3390268.36,3143036.31,1655178.08,1534682.17,547552.06,504257.35000000009,449601.62000000011,393011.59000000008,221016.31,79025.35,684991.65,684269.85,54781.07,128309.07,883866.24,524891.3,135419.72,45529.35,424732.3,462479.51,47211.06,95666.79,534603.7,279577.28,1.61533181376782,1.60372586593061,0.136599121403638,0.152387322575765,11.35,7.67,20.59,15.41,10.52,5.33,20.07,15.24,1.96,4.27,49.38,42.01,11.35,7.67,20.59,15.41,10.52,5.33,20.07,15.24,1.96,4.27,49.38,42.01,28.35,20.84,135.32,98.93,24.36,8.81,4,12.03,131.32,86.9,145.14,112.54,1.87089433635264,1.89205035347523,4135931.5408045375,2210670.8328957045,3849386.448548813,2034505.2875989445
TOTAL US - FOOD,WEEK,04/10/2016,TPL,BRAND,REFRIGERATED,REFRIGERATED JUICES & FUNCTIONAL BEVERAGES,RF JUICE & JUICE DRINKS & OTHER FUNCTIONAL BEV,MINUTE MAID,,MINUTE MAID,3647293.66,3102577.42,1927693.76,1506622.35,94.75,95.3,94.75,95.3,739.64,727.09,1416495.57,1017861.34,2230798.09,2084716.08,883252.93,552346.24,1044440.83,954276.11,3143036.31,2842322.37,1534682.17,1307901.54,504257.35000000009,260255.04999999981,393011.59000000008,198720.81000000006,79025.35,76899,684269.85,76979.35,128309.07,14994.82,524891.3,848988.17,45529.35,46907.26,462479.51,49489.77,95666.79,11852.48,279577.28,444096.73,1.60372586593061,1.84279581589982,0.152387322575765,0.105131963887895,7.67,4.27,15.41,6.06,5.33,4.23,15.24,5.89,4.27,0.3,42.01,53.32,7.67,4.27,15.41,6.06,5.33,4.23,15.24,5.89,4.27,0.3,42.01,53.32,20.84,9.54,98.93,10.99,8.81,9.07,12.03,0.48,86.9,10.52,112.54,185.77,1.89205035347523,2.05929337235705,3849386.448548813,2034505.2875989445,3255590.1573976916,1580925.8656873035
TOTAL US - FOOD,WEEK,04/16/2017,TPL,BRAND,REFRIGERATED,REFRIGERATED JUICES & FUNCTIONAL BEVERAGES,RF JUICE & JUICE DRINKS & OTHER FUNCTIONAL BEV,MINUTE MAID,,MINUTE MAID,3982198.65,3450488,2198353.09,1800035.38,95.18,94.71,95.18,94.71,839.93,744.18,1815662.75,1150359.86,2166535.9,2300128.14,1246395.18,701121.57,951957.91,1098913.81,3462257.3,3155530.74,1684782.95,1544118.65,519941.35000000009,294957.25999999978,513570.1399999999,255916.72999999998,113518.06,80224.28,516296.49,257827.72,104618.89,10199.68,1081229.31,802108.18,68649.11,50024.23,382952.07,150426.39,96634.77,7459.07,698159.23,493211.88,1.45673120302022,1.64074236084336,0.195818736601975,0.144064752874733,7.96,4.63,11.88,8.38,6.84,4.24,11.49,8.29,1.6,0.49,47.58,47.77,7.96,4.63,11.88,8.38,6.84,4.24,11.49,8.29,1.6,0.49,47.58,47.77,18.46,9.94,55.71,33.72,13.61,8.63,4.85,1.3,50.86,32.41,162.05,157.55,1.81144633594779,1.91690010004137,4183860.7375499047,2309679.649085942,3643214.0217506075,1900575.8420441346
TOTAL US - FOOD,WEEK,04/17/2016,TPL,BRAND,REFRIGERATED,REFRIGERATED JUICES & FUNCTIONAL BEVERAGES,RF JUICE & JUICE DRINKS & OTHER FUNCTIONAL BEV,MINUTE MAID,,MINUTE MAID,3450488,3093731.04,1800035.38,1539454.97,94.71,95.01,94.71,95.01,744.18,727.63,1150359.86,920776.99,2300128.14,2172954.05,701121.57,541689.15,1098913.81,997765.82,3155530.74,2801502.06,1544118.65,1285223.28,294957.25999999978,292228.98,255916.72999999998,254231.68999999994,80224.28,62082.6,257827.72,143009.99,10199.68,44279.31,802108.18,671405.09,50024.23,36105.26,150426.39,102394.68,7459.07,35399.03,493211.88,367790.18,1.64074236084336,1.69982542570771,0.144064752874733,0.154158953734353,4.63,4.37,8.38,4.05,4.24,3.28,8.29,4.05,0.49,1.1,47.77,45.98,4.63,4.37,8.38,4.05,4.24,3.28,8.29,4.05,0.49,1.1,47.77,45.98,9.94,11.03,33.72,19.09,8.63,7.33,1.3,3.7,32.41,15.39,157.55,159.43,1.91690010004137,2.00962749823075,3643214.0217506075,1900575.8420441346,3256216.2298705396,1620308.357015051
TOTAL US - FOOD,WEEK,04/23/2017,TPL,BRAND,REFRIGERATED,REFRIGERATED JUICES & FUNCTIONAL BEVERAGES,RF JUICE & JUICE DRINKS & OTHER FUNCTIONAL BEV,MINUTE MAID,,MINUTE MAID,3789438.39,3557387.47,2001695.82,1881442.99,95.28,94.88,95.28,94.88,838.2,748.5,1583793.77,1463380.94,2205644.62,2094006.53,989002.88,913993.84,1012692.94,967449.15,3331048.33,3106761.22,1629909.25,1516515.76,458390.06000000006,450626.25,371786.57000000007,364927.23,114750.66,88061.49,407081.5,503347.06,90004.44,101548.62,971957.17,770423.77,68451.62,51467.76,280264.35,343117.39,67631.37,73618.65,572655.54,445790.04,1.60140460864988,1.60108402918777,0.154089714264178,0.15321332058431,8.63,8.94,10.22,13.18,6.87,7.35,10.11,12.92,2.61,2.81,50.93,56.29,8.63,8.94,10.22,13.18,6.87,7.35,10.11,12.92,2.61,2.81,50.93,56.29,23.74,19.11,78.37,77.67,15.32,11.9,8.41,7.21,69.95,70.46,176.36,169.81,1.89311400470427,1.8907761164743,3977160.358942066,2100856.234256927,3749354.4161045533,1982971.1108768971
TOTAL US - FOOD,WEEK,04/24/2016,TPL,BRAND,REFRIGERATED,REFRIGERATED JUICES & FUNCTIONAL BEVERAGES,RF JUICE & JUICE DRINKS & OTHER FUNCTIONAL BEV,MINUTE MAID,,MINUTE MAID,3557387.47,2878404.73,1881442.99,1418251.99,94.88,95.14,94.88,95.14,748.5,724.71,1463380.94,910300.35,2094006.53,1968104.38,913993.84,545805.84,967449.15,872446.15,3106761.22,2621715.3,1516515.76,1202001.22,450626.25,256689.43000000017,364927.23,216250.77000000002,88061.49,71991.03,503347.06,241180.51,101548.62,68063.53,770423.77,529065.28,51467.76,46544.97,343117.39,142661.25,73618.65,46929.41,445790.04,309670.21,1.60108402918777,1.66780983875145,0.15321332058431,0.178234180170061,8.94,6.84,13.18,11.24,7.35,5.25,12.92,10.78,2.81,3.22,56.29,46.64,8.94,6.84,13.18,11.24,7.35,5.25,12.92,10.78,2.81,3.22,56.29,46.64,19.11,17.77,77.67,51.81,11.9,10.58,7.21,7.19,70.46,44.62,169.81,129.97,1.8907761164743,2.02954393880315,3749354.4161045533,1982971.1108768971,3025441.170906033,1490700.010510826
TOTAL US - FOOD,WEEK,04/30/2017,TPL,BRAND,REFRIGERATED,REFRIGERATED JUICES & FUNCTIONAL BEVERAGES,RF JUICE & JUICE DRINKS & OTHER FUNCTIONAL BEV,MINUTE MAID,,MINUTE MAID,3667361.36,3307419.66,1892829.15,1734618.01,95.41,94.89,95.41,94.89,843.54,745.5,1577653.23,1265983.25,2089708.13,2041436.41,891337.44,730216.83,1001491.71,1004401.18,3355487.01,3075425.63,1627987.46,1518247.39,311874.35000000009,231994.03000000026,264841.68999999994,216370.62000000011,109788.21,111556.04,611127.33,279219.38,106402.19,9084.35,750335.5,866123.48,62772.26,63800.67,338507.99,141305.66,68364.75,4378.21,421692.44,520732.29,1.76998424973599,1.73370867116278,8.64609581475315e-002,9.07345924489874e-002,9.92,6.38,29.14,20.17,6.52,5.9,27.66,20.09,4.87,0.6,47.49,54.07,9.92,6.38,29.14,20.17,6.52,5.9,27.66,20.09,4.87,0.6,47.49,54.07,25.07,14.44,128.56,70.83,13.06,13.45,12.01,0.99,116.54,69.84,167.17,187.12,1.93750257914192,1.90671354784331,3843791.3845508858,1983889.6866156587,3485530.2560859947,1828030.3614711773
TOTAL US - FOOD,WEEK,05/01/2016,TPL,BRAND,REFRIGERATED,REFRIGERATED JUICES & FUNCTIONAL BEVERAGES,RF JUICE & JUICE DRINKS & OTHER FUNCTIONAL BEV,MINUTE MAID,,MINUTE MAID,3307419.66,3058397.95,1734618.01,1550548.71,94.89,94.9,94.89,94.9,745.5,721.78,1265983.25,1203375.71,2041436.41,1855022.24,730216.83,706035.06,1004401.18,844513.65,3075425.63,2751965.6,1518247.39,1266746.29,231994.03000000026,306432.35000000009,216370.62000000011,283802.41999999993,111556.04,56595.41,279219.38,199754.86,9084.35,31281.08,866123.48,915744.36,63800.67,25893.79,141305.66,133440.97,4378.21,23434.42,520732.29,523265.88,1.73370867116278,1.70441353153199,9.07345924489874e-002,0.135895247829515,6.38,4.72,20.17,9.57,5.9,4.01,20.09,9.36,0.6,0.88,54.07,47.01,6.38,4.72,20.17,9.57,5.9,4.01,20.09,9.36,0.6,0.88,54.07,47.01,14.44,10.72,70.83,29.72,13.45,8.37,0.99,2.35,69.84,27.36,187.12,207.98,1.90671354784331,1.97246170357331,3485530.2560859947,1828030.3614711773,3222758.640674394,1633876.406743941
TOTAL US - FOOD,WEEK,05/07/2017,TPL,BRAND,REFRIGERATED,REFRIGERATED JUICES & FUNCTIONAL BEVERAGES,RF JUICE & JUICE DRINKS & OTHER FUNCTIONAL BEV,MINUTE MAID,,MINUTE MAID,3821041.2,3460541.05,2002292.82,1832861.44,95.63,95.28,95.63,95.28,851.66,744.23,1434318.37,1405128.66,2386722.83,2055412.39,812517.09,822578.36,1189775.73,1010283.08,3501169.34,3120643.24,1714978.26,1538615.7,319871.86000000034,339897.80999999959,287314.56000000006,294245.74,143214.68,107790.08,290902.49,409091,51634.24,41445.73,948566.96,846801.85,81997.15,63752.12,171605.21,280094.27,32727.43,26269.46,526187.3,452462.51,1.7652777863417,1.70820037132997,7.49633799034984e-002,9.52586467932843e-002,9.89,8.83,15.08,16.1,8.37,6.8,14.31,14.7,2.61,2.59,56.82,57.9,9.89,8.83,15.08,16.1,8.37,6.8,14.31,14.7,2.61,2.59,56.82,57.9,25.8,17.09,68.32,56.07,18.93,12.84,6.88,4.25,61.44,51.82,256.28,194.29,1.90833286811666,1.8880538236431,3995651.155495138,2093791.5089407093,3631970.0356842987,1923658.1024349285
TOTAL US - FOOD,WEEK,05/08/2016,TPL,BRAND,REFRIGERATED,REFRIGERATED JUICES & FUNCTIONAL BEVERAGES,RF JUICE & JUICE DRINKS & OTHER FUNCTIONAL BEV,MINUTE MAID,,MINUTE MAID,3460541.05,3416611.17,1832861.44,1792883.28,95.28,95.36,95.28,95.36,744.23,726.75,1405128.66,1701859.65,2055412.39,1714751.52,822578.36,1036764.68,1010283.08,756118.6,3120643.24,2907582.62,1538615.7,1342589.75,339897.80999999959,509028.54999999981,294245.74,450293.53,107790.08,83100.68,409091,246894.04,41445.73,31770.49,846801.85,1340094.44,63752.12,51303.14,280094.27,138946.19,26269.46,20052.82,452462.51,826462.53,1.70820037132997,1.64151005800082,9.52586467932843e-002,0.138609636711602,8.83,5.77,16.1,11.11,6.8,5.27,14.7,9.99,2.59,1.34,57.9,60.46,8.83,5.77,16.1,11.11,6.8,5.27,14.7,9.99,2.59,1.34,57.9,60.46,17.09,11.04,56.07,43.31,12.84,8.92,4.25,2.12,51.82,41.18,194.29,267.96,1.8880538236431,1.90565175553425,3631970.0356842987,1923658.1024349285,3582855.673238255,1880120.889261745
TOTAL US - FOOD,WEEK,05/14/2017,TPL,BRAND,REFRIGERATED,REFRIGERATED JUICES & FUNCTIONAL BEVERAGES,RF JUICE & JUICE DRINKS & OTHER FUNCTIONAL BEV,MINUTE MAID,,MINUTE MAID,3846657.45,3688631.98,2024603.42,2011630.44,95.32,95.29,95.32,95.29,841.43,748.82,1849826.21,1552699.27,1996831.24,2135932.71,1068429.69,956954.66,956173.73,1054675.78,3434037.84,3280556.19,1687046.96,1640582.93,412619.61000000034,408075.79000000004,337556.45999999996,371047.51,128868.35,122489.8,525519.85,464570.94,73303.7,89760.65,1122134.31,875877.88,80904.31,82514.76,307662.23,280266.98,48148.75,68871.42,631714.4,525301.5,1.73135043635862,1.62254214844411,8.87418335962968e-002,0.115131248199728,9.2,8.33,14.47,23.85,8.14,6.85,14.43,23.42,2.17,2.6,63.33,49,9.2,8.33,14.47,23.85,8.14,6.85,14.43,23.42,2.17,2.6,63.33,49,21.95,22.23,88.88,91.92,15.91,14.86,6.04,7.37,82.84,84.55,278.45,173.54,1.89995601706531,1.83365289501187,4035519.7754930765,2124006.9450272764,3870953.9091195296,2111061.433518732
TOTAL US - FOOD,WEEK,05/15/2016,TPL,BRAND,REFRIGERATED,REFRIGERATED JUICES & FUNCTIONAL BEVERAGES,RF JUICE & JUICE DRINKS & OTHER FUNCTIONAL BEV,MINUTE MAID,,MINUTE MAID,3688631.98,3280566.59,2011630.44,1711287.03,95.29,95.51,95.29,95.51,748.82,729.12,1552699.27,1477046.8,2135932.71,1803519.79,956954.66,865219.37,1054675.78,846067.66,3280556.19,2872342.69,1640582.93,1358711.08,408075.79000000004,408223.89999999991,371047.51,352575.94999999995,122489.8,110322.28,464570.94,238465.54,89760.65,34573.08,875877.88,1093685.9,82514.76,64671.1,280266.98,138880.93,68871.42,22233.77,525301.5,639433.57,1.62254214844411,1.70713561348031,0.115131248199728,0.109483391465023,8.33,7.23,23.85,13.3,6.85,5.67,23.42,12.53,2.6,2.39,49,60.35,8.33,7.23,23.85,13.3,6.85,5.67,23.42,12.53,2.6,2.39,49,60.35,22.23,18.19,91.92,57.21,14.86,13.05,7.37,5.15,84.55,52.07,173.54,226,1.83365289501187,1.91701715287353,3870953.9091195296,2111061.433518732,3434788.5980525594,1791735.9752905455
TOTAL US - FOOD,WEEK,05/21/2017,TPL,BRAND,REFRIGERATED,REFRIGERATED JUICES & FUNCTIONAL BEVERAGES,RF JUICE & JUICE DRINKS & OTHER FUNCTIONAL BEV,MINUTE MAID,,MINUTE MAID,4036827.07,3491012.05,2257682.66,1906233.95,95.65,95.23,95.65,95.23,849.94,748.98,1968667.23,1716180.18,2068159.84,1774831.87,1208813.34,1032571.8,1048869.32,873662.15,3488213.33,3092931.05,1715471.24,1556677.39,548613.73999999976,398081,542211.42000000016,349556.56000000006,249925.95,92449.65,569002.11,623982.57,126395.38,126396.96,1023343.79,873351,175897.92,49089.64,371175.19,416387.81,94519.13,98148.77,567221.1,468945.58,1.62859489125095,1.6620444021423,8.91731594185281e-002,9.24564509105296e-002,14.8,10.73,22.97,21.04,12.79,7.07,21.3,20.34,5.04,4.46,70.03,58.44,14.8,10.73,22.97,21.04,12.79,7.07,21.3,20.34,5.04,4.46,70.03,58.44,43.04,29.45,127.29,127.05,30.95,14.75,12.09,14.71,115.2,112.34,243.98,186,1.7880400737985,1.83136600310786,4220415.128071092,2360358.2435964453,3665874.251811404,2001715.7933424339
TOTAL US - FOOD,WEEK,05/22/2016,TPL,BRAND,REFRIGERATED,REFRIGERATED JUICES & FUNCTIONAL BEVERAGES,RF JUICE & JUICE DRINKS & OTHER FUNCTIONAL BEV,MINUTE MAID,,MINUTE MAID,3491012.05,3265111.99,1906233.95,1836711.45,95.23,95.2,95.23,95.2,748.98,725.88,1716180.18,1703845.43,1774831.87,1561266.56,1032571.8,1134350.97,873662.15,702360.48,3092931.05,2811535.58,1556677.39,1345459.95,398081,453576.41000000015,349556.56000000006,491251.5,92449.65,121469.27,623982.57,355209.46,126396.96,133691.44,873351,1093475.26,49089.64,83189.08,416387.81,258858.81,98148.77,111543.69,468945.58,680759.39,1.6620444021423,1.50204431878786,9.24564509105296e-002,0.155060528651235,10.73,10.31,21.04,14.5,7.07,7.03,20.34,13.36,4.46,4.92,58.44,63.32,10.73,10.31,21.04,14.5,7.07,7.03,20.34,13.36,4.46,4.92,58.44,63.32,29.45,29.01,127.05,58.61,14.75,15.91,14.71,13.1,112.34,45.51,186,222.67,1.83136600310786,1.77769458016936,3665874.251811404,2001715.7933424339,3429739.4852941176,1929318.7499999998
TOTAL US - FOOD,WEEK,05/28/2017,TPL,BRAND,REFRIGERATED,REFRIGERATED JUICES & FUNCTIONAL BEVERAGES,RF JUICE & JUICE DRINKS & OTHER FUNCTIONAL BEV,MINUTE MAID,,MINUTE MAID,3980680.49,3584382.44,2339684.59,1990275.81,95.67,95.27,95.67,95.27,861.81,750.15,2298502.8,1722287.44,1682177.69,1862095,1554036.95,1067387.16,785647.64,922888.65,3432545.45,3220273.17,1699310.92,1624573.07,548135.04,364109.27,640373.66999999993,365702.74,150976.24,164858.3,954313.31,531334.62,275934.92,148323.69,917278.33,877770.83,85201.34,100004,691628.99,375029.43,225430.48,115083.24,551776.14,477270.49,1.47905286293225,1.61355457938992,0.130671954232136,0.104052454995712,19.11,12.6,46.41,23.31,11.14,9.76,44.35,22.37,11.85,5.85,58.47,61.33,19.11,12.6,46.41,23.31,11.14,9.76,44.35,22.37,11.85,5.85,58.47,61.33,53.64,35.87,178.07,91.65,24.75,21.03,28.89,14.83,149.18,76.81,205.19,181.25,1.70137483787932,1.80094759831302,4160845.08205289,2445578.122713494,3762341.1777054686,2089089.7554319303
TOTAL US - FOOD,WEEK,05/29/2016,TPL,BRAND,REFRIGERATED,REFRIGERATED JUICES & FUNCTIONAL BEVERAGES,RF JUICE & JUICE DRINKS & OTHER FUNCTIONAL BEV,MINUTE MAID,,MINUTE MAID,3584382.44,3393866.14,1990275.81,1920966.76,95.27,95.22,95.27,95.22,750.15,730.78,1722287.44,2101918.24,1862095,1291947.9,1067387.16,1331089.82,922888.65,589876.94,3220273.17,2848102.26,1624573.07,1384458.27,364109.27,545763.88000000035,365702.74,536508.49,164858.3,87119.97,531334.62,614364.64,148323.69,175084.87,877770.83,1225348.76,100004,50707.7,375029.43,447694.71,115083.24,142426.71,477270.49,690260.7,1.61355457938992,1.57909572172973,0.104052454995712,0.106213896726927,12.6,11.26,23.31,22.08,9.76,6.54,22.37,21.02,5.85,5.62,61.33,67.98,12.6,11.26,23.31,22.08,9.76,6.54,22.37,21.02,5.85,5.62,61.33,67.98,35.87,30.33,91.65,107.87,21.03,13.88,14.83,16.44,76.81,91.42,181.25,278.39,1.80094759831302,1.76674901964467,3762341.1777054686,2089089.7554319303,3564236.6519638733,2017398.4036967026
TOTAL US - FOOD,WEEK,06/04/2017,TPL,BRAND,REFRIGERATED,REFRIGERATED JUICES & FUNCTIONAL BEVERAGES,RF JUICE & JUICE DRINKS & OTHER FUNCTIONAL BEV,MINUTE MAID,,MINUTE MAID,3959232.53,3622416.41,2272399.17,1971375.94,95.78,95.4,95.78,95.4,871.62,749.07,2250024.69,1365116.49,1709207.84,2257299.92,1497331.2,836659.8,775067.97,1134716.14,3480376.14,3342351.55,1721145.28,1706735.31,478856.38999999966,280064.86000000034,551253.8899999999,264640.62999999989,162891.93,156993.65,826235.33,480697.96,167824.53,76922.8,1093072.9,650502.08,106944.78,94920.54,533947.07,319609.79,127144.49,60819.66,729294.86,361309.81,1.50269004613007,1.63162672570141,0.137531936374234,0.112043093325997,16.03,9.85,29.08,31.21,10.28,8.63,26.9,30.21,8.19,2.27,54.53,40.03,16.03,9.85,29.08,31.21,10.28,8.63,26.9,30.21,8.19,2.27,54.53,40.03,40.08,29.37,155.2,71.45,22.9,23.27,17.18,6.11,138.01,65.34,239.62,139.74,1.74231384268636,1.83750665537695,4133673.5539778657,2372519.492587179,3797082.1907756813,2066431.8029350103
TOTAL US - FOOD,WEEK,06/05/2016,TPL,BRAND,REFRIGERATED,REFRIGERATED JUICES & FUNCTIONAL BEVERAGES,RF JUICE & JUICE DRINKS & OTHER FUNCTIONAL BEV,MINUTE MAID,,MINUTE MAID,3622416.41,3504693.13,1971375.94,1936914.36,95.4,95.37,95.4,95.37,749.07,731.54,1365116.49,2055096.34,2257299.92,1449596.79,836659.8,1282763.38,1134716.14,654150.98,3342351.55,2933053.96,1706735.31,1422368.79,280064.86000000034,571639.16999999993,264640.62999999989,514545.57000000007,156993.65,129286.52,480697.96,299715.05,76922.8,92603.62,650502.08,1533491.15,94920.54,79704.99,319609.79,167214.85,60819.66,69307.75,361309.81,966535.79,1.63162672570141,1.60208528871474,0.112043093325997,0.114586673767831,9.85,9.02,31.21,14.76,8.63,7.19,30.21,13.93,2.27,2.13,40.03,69.38,9.85,9.02,31.21,14.76,8.63,7.19,30.21,13.93,2.27,2.13,40.03,69.38,29.37,25.04,71.45,62.8,23.27,17.16,6.11,7.88,65.34,54.92,139.74,278.52,1.83750665537695,1.80942079958558,3797082.1907756813,2066431.8029350103,3674838.1356820804,2030947.2161056937
TOTAL US - FOOD,WEEK,06/11/2017,TPL,BRAND,REFRIGERATED,REFRIGERATED JUICES & FUNCTIONAL BEVERAGES,RF JUICE & JUICE DRINKS & OTHER FUNCTIONAL BEV,MINUTE MAID,,MINUTE MAID,4170025.94,3696240.94,2226434.08,2016498.47,95.76,95.34,95.76,95.34,879.98,749.27,1708403.5,1355192.84,2461622.44,2341048.1,970235.5,839376.7,1256198.58,1177121.77,3738443.37,3411170.41,1856588.3,1756087.04,431582.56999999983,285070.5299999998,369845.78,260411.42999999993,183437.08,126996.07,536422.23,384195.7,142982.68,63748.62,845561.51,780252.45,101734.41,72553.56,313563.54,240043.59,90799.4,48081.33,464138.15,478698.22,1.76081322524274,1.61452282390016,5.98776531363382e-002,0.11919085984293,16.51,8.92,37.91,15.92,10.45,7.12,35.74,15.89,8.27,2.33,56.82,39.4,16.51,8.92,37.91,15.92,10.45,7.12,35.74,15.89,8.27,2.33,56.82,39.4,45.05,23.55,137.92,67.1,27.59,17.29,17.46,6.26,120.46,60.84,187.65,132.35,1.87296178110964,1.83299962533569,4354663.6800334165,2325014.70342523,3876904.6989720995,2115060.2790014683
TOTAL US - FOOD,WEEK,06/12/2016,TPL,BRAND,REFRIGERATED,REFRIGERATED JUICES & FUNCTIONAL BEVERAGES,RF JUICE & JUICE DRINKS & OTHER FUNCTIONAL BEV,MINUTE MAID,,MINUTE MAID,3696240.94,3641388,2016498.47,1984160.81,95.34,95.55,95.34,95.55,749.27,730.05,1355192.84,1645680.77,2341048.1,1995707.23,839376.7,982301.1,1177121.77,1001859.71,3411170.41,3186508.11,1756087.04,1581992.28,285070.5299999998,454879.89000000013,260411.42999999993,402168.53,126996.07,132118.57,384195.7,158059.89,63748.62,15612.57,780252.45,1339889.74,72553.56,79067.6,240043.59,93474.55,48081.33,9799.63,478698.22,799959.32,1.61452282390016,1.67533230900383,0.11919085984293,8.71259225184996e-002,8.92,8.8,15.92,8.56,7.12,8.51,15.89,8.1,2.33,0.88,39.4,62.64,8.92,8.8,15.92,8.56,7.12,8.51,15.89,8.1,2.33,0.88,39.4,62.64,23.55,20.59,67.1,28.03,17.29,18.86,6.26,1.73,60.84,26.3,132.35,261.58,1.83299962533569,1.83522826458809,3876904.6989720995,2115060.2790014683,3810976.452119309,2076568.090005233
TOTAL US - FOOD,WEEK,06/18/2017,TPL,BRAND,REFRIGERATED,REFRIGERATED JUICES & FUNCTIONAL BEVERAGES,RF JUICE & JUICE DRINKS & OTHER FUNCTIONAL BEV,MINUTE MAID,,MINUTE MAID,4122853.65,3732759.9,2227914.88,2065517.49,95.49,95.6,95.49,95.6,879.83,752.08,1820260.79,1422317.63,2302592.86,2310442.27,1097902.1,857867.32,1130012.78,1207650.17,3751241.65,3431432.86,1850188.44,1779333.34,371612,301327.04000000004,377726.43999999994,286184.14999999991,132367.37,166832.1,493663.7,365092.58,108966.21,57721.96,1085263.51,832670.99,75157.53,117768.63,355202.62,219059.88,85714.18,41501.54,581827.77,479537.27,1.65794453804214,1.65796924167714,0.104077025261661,8.2565030082388e-002,10.15,9.09,18.09,30.8,8.36,6.61,17.67,29.38,3.28,3.59,61.58,47.14,10.15,9.09,18.09,30.8,8.36,6.61,17.67,29.38,3.28,3.59,61.58,47.14,27.93,24.01,80.31,61.31,17.12,17.55,10.8,6.46,69.5,54.84,247.65,162.57,1.85054361233047,1.80717903289214,4317576.343072573,2333139.4701015814,3904560.5648535565,2160583.148535565
TOTAL US - FOOD,WEEK,06/19/2016,TPL,BRAND,REFRIGERATED,REFRIGERATED JUICES & FUNCTIONAL BEVERAGES,RF JUICE & JUICE DRINKS & OTHER FUNCTIONAL BEV,MINUTE MAID,,MINUTE MAID,3732759.9,3455508.91,2065517.49,1902198.07,95.6,95.37,95.6,95.37,752.08,725.58,1422317.63,1549737.64,2310442.27,1905771.27,857867.32,970930.69,1207650.17,931267.38,3431432.86,3023620.52,1779333.34,1514963.95,301327.04000000004,431888.39000000013,286184.14999999991,387234.12000000011,166832.1,106303.85,365092.58,292548.41,57721.96,45407.84,832670.99,1105477.54,117768.63,62962.03,219059.88,213814.93,41501.54,35284.01,479537.27,658869.72,1.65796924167714,1.59613621853894,8.2565030082388e-002,0.121354534617055,9.09,7.5,30.8,14.23,6.61,6.59,29.38,13.51,3.59,1.41,47.14,62.79,9.09,7.5,30.8,14.23,6.61,6.59,29.38,13.51,3.59,1.41,47.14,62.79,24.01,18.79,61.31,37.46,17.55,15.88,6.46,2.91,54.84,34.55,162.57,261.49,1.80717903289214,1.81658732836376,3904560.5648535565,2160583.148535565,3623266.1319073085,1994545.5279437979
TOTAL US - FOOD,WEEK,06/25/2017,TPL,BRAND,REFRIGERATED,REFRIGERATED JUICES & FUNCTIONAL BEVERAGES,RF JUICE & JUICE DRINKS & OTHER FUNCTIONAL BEV,MINUTE MAID,,MINUTE MAID,4516925.3,4096315.9,2768287.36,2478394.66,95.72,95.3,95.72,95.3,879.13,751.86,2718430.83,2375652.43,1798494.47,1720663.47,1902306.57,1640095.57,865980.79,838299.09,3612281.67,3361932.97,1791870.02,1740959.53,904643.62999999989,734382.9299999997,976417.33999999985,737435.13000000012,200993.4,164187.81,1131474,841360.3,268389.32,244818.39,1117574.11,1125285.93,146951.84,109779.27,828064.43,611672.12,224801.43,186146.69,702488.87,732497.49,1.42901826281344,1.4484841453477,0.124197782470387,0.123623407334282,19.54,19.95,36.99,37.39,11.92,11.28,34.37,36.05,12.47,13.49,56.29,57.11,19.54,19.95,36.99,37.39,11.92,11.28,34.37,36.05,12.47,13.49,56.29,57.11,52.03,51.29,194.19,156.07,26.19,21.9,25.84,29.39,168.34,126.68,210.2,205.03,1.63166778321742,1.65281017027369,4718893.961554534,2892067.864605098,4298337.77544596,2600623.987408185
TOTAL US - FOOD,WEEK,06/26/2016,TPL,BRAND,REFRIGERATED,REFRIGERATED JUICES & FUNCTIONAL BEVERAGES,RF JUICE & JUICE DRINKS & OTHER FUNCTIONAL BEV,MINUTE MAID,,MINUTE MAID,4096315.9,3872102.88,2478394.66,2364613.92,95.3,95.31,95.3,95.31,751.86,727.11,2375652.43,2064954.05,1720663.47,1807148.83,1640095.57,1455871.56,838299.09,908742.36,3361932.97,3060006.17,1740959.53,1553432.51,734382.9299999997,812096.71,737435.13000000012,811181.40999999992,164187.81,227430.25,841360.3,810374.68,244818.39,242387.23,1125285.93,784761.89,109779.27,152320.79,611672.12,617809.65,186146.69,199786.79,732497.49,485954.33,1.4484841453477,1.41836279156384,0.123623407334282,0.133834894246945,19.95,20.69,37.39,30.6,11.28,15.29,36.05,26.96,13.49,12.51,57.11,49.33,19.95,20.69,37.39,30.6,11.28,15.29,36.05,26.96,13.49,12.51,57.11,49.33,51.29,52.71,156.07,117.45,21.9,28.38,29.39,24.34,126.68,93.11,205.03,144.9,1.65281017027369,1.63752012421546,4298337.77544596,2600623.987408185,4062640.7302486617,2480971.482530689
TOTAL US - FOOD,WEEK,07/02/2017,TPL,BRAND,REFRIGERATED,REFRIGERATED JUICES & FUNCTIONAL BEVERAGES,RF JUICE & JUICE DRINKS & OTHER FUNCTIONAL BEV,MINUTE MAID,,MINUTE MAID,4268650.37,4196173.73,2427591.74,2636941.72,95.88,95.66,95.88,95.66,886.87,756.45,2863767.37,2660783.8,1404883,1535389.93,1771981.73,1928676.31,655610.01,708265.41,3683320.19,3398237.02,1813755.7,1750731.72,585330.18000000017,797936.71000000043,613836.04000000027,886210.00000000023,133873.74,218163.98,1605217.09,1153426.15,302619.59,446488.53,822056.95,842705.14,76101.3,172970.31,1038092.26,839143.76,216386.87,359464.01,441401.3,557098.23,1.61613820363712,1.37959064784697,8.08983135697956e-002,0.133043489162328,19.92,22.32,55.3,46.99,9.4,11.7,54,43.45,13.73,16.27,57.93,46.21,19.92,22.32,55.3,46.99,9.4,11.7,54,43.45,13.73,16.27,57.93,46.21,54.47,64.09,300.36,201.23,22.21,23.54,32.27,40.55,268.1,160.67,210.13,161.04,1.75838890026871,1.59130317449716,4452075.896954527,2531906.2786816857,4386550.0,2756577.169140707
TOTAL US - FOOD,WEEK,07/03/2016,TPL,BRAND,REFRIGERATED,REFRIGERATED JUICES & FUNCTIONAL BEVERAGES,RF JUICE & JUICE DRINKS & OTHER FUNCTIONAL BEV,MINUTE MAID,,MINUTE MAID,4196173.73,4133497.85,2636941.72,2494889.35,95.66,95.41,95.66,95.41,756.45,729.76,2660783.8,2213540.98,1535389.93,1919956.87,1928676.31,1524911.69,708265.41,969977.66,3398237.02,3246975.29,1750731.72,1654272.39,797936.71000000043,886522.56,886210.00000000023,840616.9600000002,218163.98,183602.54,1153426.15,903719.43,446488.53,391625,842705.14,734594.01,172970.31,125721.35,839143.76,668560.92,359464.01,322866.21,557098.23,407763.21,1.37959064784697,1.45158634071459,0.133043489162328,0.123854073843464,22.32,19.17,46.99,31.05,11.7,9.72,43.45,26.56,16.27,12.8,46.21,49.2,22.32,19.17,46.99,31.05,11.7,9.72,43.45,26.56,16.27,12.8,46.21,49.2,64.09,52.1,201.23,118.5,23.54,20.25,40.55,31.85,160.67,86.64,161.04,135.55,1.59130317449716,1.65678604143306,4386550.0,2756577.169140707,4332352.845613668,2614913.897914265
TOTAL US - FOOD,WEEK,07/09/2017,TPL,BRAND,REFRIGERATED,REFRIGERATED JUICES & FUNCTIONAL BEVERAGES,RF JUICE & JUICE DRINKS & OTHER FUNCTIONAL BEV,MINUTE MAID,,MINUTE MAID,4440838.86,3837453.46,2416604.26,2140248.26,96.02,95.61,96.02,95.61,885.1,754.82,2522859.84,1800815.58,1917979.02,2036637.88,1511353.76,1135546.36,905250.5,1004701.9,3855171.37,3472494.88,1910162.29,1772378.99,585667.49000000022,364958.58000000007,506441.96999999974,367869.26999999979,132491.36,245586.37,934743.24,277327.32,119736.35,53782.67,1335888.89,1224119.22,72615.62,154320.09,575491.42,153000.79,80690.56,29633.77,782556.16,798591.71,1.66927155426536,1.58585826473875,9.16201023482992e-002,0.115525327644307,13.2,17,27.7,20.12,9.74,13.93,27.42,19.13,5.99,4.16,65.07,54.12,13.2,17,27.7,20.12,9.74,13.93,27.42,19.13,5.99,4.16,65.07,54.12,32.57,41.91,169.23,64.01,19.57,32.32,13,9.59,156.23,54.41,259.31,214.41,1.83763594788995,1.79299454727743,4624910.289523017,2516771.7767131845,4013652.8187428094,2238519.2553080223
TOTAL US - FOOD,WEEK,07/10/2016,TPL,BRAND,REFRIGERATED,REFRIGERATED JUICES & FUNCTIONAL BEVERAGES,RF JUICE & JUICE DRINKS & OTHER FUNCTIONAL BEV,MINUTE MAID,,MINUTE MAID,3837453.46,3821022.01,2140248.26,2209348.82,95.61,95.73,95.61,95.73,754.82,727.77,1800815.58,1682337.6,2036637.88,2138684.41,1135546.36,1114138.26,1004701.9,1095210.56,3472494.88,3239718.14,1772378.99,1672569.8,364958.58000000007,581303.86999999965,367869.26999999979,536779.01999999979,245586.37,207546.64,277327.32,266087.62,53782.67,63371.09,1224119.22,1145332.25,154320.09,133736.29,153000.79,191880.51,29633.77,48639.33,798591.71,739882.13,1.58585826473875,1.50998997198068,0.115525327644307,0.126910404055134,17,12.66,20.12,12.61,13.93,11.14,19.13,12.09,4.16,2.77,54.12,58.9,17,12.66,20.12,12.61,13.93,11.14,19.13,12.09,4.16,2.77,54.12,58.9,41.91,31.18,64.01,42.98,32.32,25.1,9.59,6.08,54.41,36.9,214.41,197.41,1.79299454727743,1.72947882897007,4013652.8187428094,2238519.2553080223,3991457.2338869735,2307895.978272224
TOTAL US - FOOD,WEEK,07/16/2017,TPL,BRAND,REFRIGERATED,REFRIGERATED JUICES & FUNCTIONAL BEVERAGES,RF JUICE & JUICE DRINKS & OTHER FUNCTIONAL BEV,MINUTE MAID,,MINUTE MAID,4103646.05,3798628.64,2159514.13,2089543.4,96,95.62,96,95.62,880.65,754.45,1647096.13,1806069.02,2456549.92,1992559.62,929997.26,1136783.81,1229516.87,952759.59,3801791.49,3422169.19,1887017.14,1759140.78,301854.55999999959,376459.45000000019,272496.99,330402.61999999988,132264.84,152176.7,571678,610540.55,84130.34,114633.3,859022.95,928718.47,75129.01,84278.34,333386.02,404860.94,53567.85,76165.33,467914.38,571479.2,1.7710763255367,1.58875329162191,6.79838602783529e-002,0.126061200144891,10.41,15.17,19.47,30.24,8.29,10.27,18.8,27.6,3.21,5.62,54.9,47.51,10.41,15.17,19.47,30.24,8.29,10.27,18.8,27.6,3.21,5.62,54.9,47.51,26.28,37.48,118.02,89.98,17.32,24.38,8.96,13.1,109.06,76.88,198.59,194.63,1.90026357919686,1.81792282467069,4274631.302083333,2249493.8854166665,3972629.8263961514,2185257.6866764273
TOTAL US - FOOD,WEEK,07/17/2016,TPL,BRAND,REFRIGERATED,REFRIGERATED JUICES & FUNCTIONAL BEVERAGES,RF JUICE & JUICE DRINKS & OTHER FUNCTIONAL BEV,MINUTE MAID,,MINUTE MAID,3798628.64,3529275.44,2089543.4,1912489.5,95.62,95.34,95.62,95.34,754.45,721.68,1806069.02,990539.64,1992559.62,2538735.8,1136783.81,608343.58,952759.59,1304145.92,3422169.19,3253681.01,1759140.78,1680875.14,376459.45000000019,275594.43000000017,330402.61999999988,231614.3600000001,152176.7,111839.98,610540.55,220518.47,114633.3,56921.66,928718.47,601259.53,84278.34,64982.4,404860.94,150422.35,76165.33,43264.85,571479.2,349673.98,1.58875329162191,1.62825691363423,0.126061200144891,0.117659048275394,15.17,9.09,30.24,13.16,10.27,8.08,27.6,12.51,5.62,1.99,47.51,42.35,15.17,9.09,30.24,13.16,10.27,8.08,27.6,12.51,5.62,1.99,47.51,42.35,37.48,21.78,89.98,33.93,24.38,17.99,13.1,3.79,76.88,30.15,194.63,104.89,1.81792282467069,1.84538291059899,3972629.8263961514,2185257.6866764273,3701778.309209146,2005967.5896790433
TOTAL US - FOOD,WEEK,07/23/2017,TPL,BRAND,REFRIGERATED,REFRIGERATED JUICES & FUNCTIONAL BEVERAGES,RF JUICE & JUICE DRINKS & OTHER FUNCTIONAL BEV,MINUTE MAID,,MINUTE MAID,4060346.31,3549580.14,2229704,1854213.46,95.85,96.02,95.85,96.02,880.83,757.22,1887058.88,1047377.95,2173287.43,2502202.19,1182549.11,635408.25,1047154.89,1218805.21,3689370.54,3339356.78,1812032.74,1654703.03,370975.77,210223.36000000034,417671.26,199510.42999999993,169830.24,186091.63,573703.48,242330.74,101516.68,97970.41,1042008.48,520985.17,112967.32,110865.46,403424.27,144256.78,75599.26,66855,590558.26,313431.01,1.59575519024322,1.64835434541494,0.123704861838234,0.138940186284155,11.89,14.83,13.9,18.23,9.33,12.12,13.8,16.63,3.55,3.65,62.82,34.96,11.89,14.83,13.9,18.23,9.33,12.12,13.8,16.63,3.55,3.65,62.82,34.96,29.55,37.48,91.54,48.03,19.79,27.8,9.75,9.69,81.79,38.34,226.23,115.89,1.82102481315906,1.91433198850795,4236146.384976527,2326243.0881585814,3696709.1647573425,1931070.047906686
TOTAL US - FOOD,WEEK,07/24/2016,TPL,BRAND,REFRIGERATED,REFRIGERATED JUICES & FUNCTIONAL BEVERAGES,RF JUICE & JUICE DRINKS & OTHER FUNCTIONAL BEV,MINUTE MAID,,MINUTE MAID,3549580.14,3425228,1854213.46,1849243.54,96.02,95.46,96.02,95.46,757.22,726.33,1047377.95,999322.13,2502202.19,2425905.87,635408.25,633321.78,1218805.21,1215921.76,3339356.78,3163731.88,1654703.03,1621114.95,210223.36000000034,261496.12000000011,199510.42999999993,228128.59000000008,186091.63,121095.5,242330.74,331651.47,97970.41,84265.83,520985.17,462309.33,110865.46,79735.33,144256.78,229220.62,66855,60951.4,313431.01,263414.43,1.64835434541494,1.5779058316927,0.138940186284155,0.148105712674879,14.83,9.51,18.23,14.01,12.12,7.36,16.63,13.08,3.65,3.66,34.96,44.76,14.83,9.51,18.23,14.01,12.12,7.36,16.63,13.08,3.65,3.66,34.96,44.76,37.48,24.6,48.03,65.75,27.8,14.35,9.69,10.25,38.34,55.5,115.89,116.13,1.91433198850795,1.85223196723997,3696709.1647573425,1931070.047906686,3588129.0592918503,1937192.059501362
TOTAL US - FOOD,WEEK,07/30/2017,TPL,BRAND,REFRIGERATED,REFRIGERATED JUICES & FUNCTIONAL BEVERAGES,RF JUICE & JUICE DRINKS & OTHER FUNCTIONAL BEV,MINUTE MAID,,MINUTE MAID,3913385.3,3772153.48,2157357.97,2101692.78,95.81,95.63,95.81,95.63,880.93,756.22,1809976.04,1808082.61,2103409.26,1964070.87,1146175.25,1159381.06,1011182.72,942311.72,3518618.68,3362523.71,1726137.88,1726880.47,394766.61999999965,409629.77,431220.09000000032,374812.30999999982,174612.63,290417.41,597418.01,641579.17,72098.42,59658.94,965846.98,816427.09,113605.03,176762.2,379876.38,420933.47,54581.07,43604.63,598112.77,518080.76,1.57914423645075,1.55952401878982,0.129454642688366,0.131095702254632,12.54,21.06,41.33,35.96,10.39,19.28,40.23,34.23,3.93,3.96,57.75,47.47,12.54,21.06,41.33,35.96,10.39,19.28,40.23,34.23,3.93,3.96,57.75,47.47,28.51,50.62,118.7,101.32,21.68,43.89,6.83,6.73,111.87,94.59,192.76,149.78,1.81397123445396,1.79481678573402,4084526.980482204,2251704.3836760256,3944529.4154554014,2197733.744640803
TOTAL US - FOOD,WEEK,07/31/2016,TPL,BRAND,REFRIGERATED,REFRIGERATED JUICES & FUNCTIONAL BEVERAGES,RF JUICE & JUICE DRINKS & OTHER FUNCTIONAL BEV,MINUTE MAID,,MINUTE MAID,3772153.48,3488626.74,2101692.78,1842659.54,95.63,95.51,95.63,95.51,756.22,728.9,1808082.61,864891.17,1964070.87,2623735.57,1159381.06,516982.04,942311.72,1325677.5,3362523.71,3243587.88,1726880.47,1649304.36,409629.77,245038.86000000034,374812.30999999982,193355.17999999993,290417.41,102818.65,641579.17,214962.62,59658.94,72250.71,816427.09,474859.19,176762.2,59765.87,420933.47,142706.37,43604.63,52507.2,518080.76,262002.6,1.55952401878982,1.67296173383509,0.131095702254632,0.116357487156633,21.06,8.63,35.96,9.05,19.28,7.04,34.23,8.63,3.96,2.53,47.47,41.01,21.06,8.63,35.96,9.05,19.28,7.04,34.23,8.63,3.96,2.53,47.47,41.01,50.62,22.85,101.32,34.96,43.89,15.5,6.73,7.35,94.59,27.61,149.78,102.05,1.79481678573402,1.89325627674009,3944529.4154554014,2197733.744640803,3652629.8188671344,1929284.410009423
TOTAL US - FOOD,WEEK,08/06/2017,TPL,BRAND,REFRIGERATED,REFRIGERATED JUICES & FUNCTIONAL BEVERAGES,RF JUICE & JUICE DRINKS & OTHER FUNCTIONAL BEV,MINUTE MAID,,MINUTE MAID,4256355.38,4204759.21,2438716.63,2514762.21,95.71,95.61,95.71,95.61,881.02,758.21,2143948.75,1915090.08,2112406.63,2289669.13,1456341.24,1344931.19,982375.39,1169831.02,3623561.36,3518025.25,1775685.23,1826362.66,632794.02,686733.96,663031.39999999991,688399.55,191546.03,254212.6,772555.44,502208.43,182880.11,69949.71,996967.17,1088719.34,119546.94,165937.83,571317.86,423912.06,151818.26,53859.35,613658.18,701221.95,1.47214724895108,1.42393164367019,0.156520154615064,0.148381795892428,15.23,15.41,27.32,17.37,11.25,12.99,26.8,16.72,7.06,3.5,53.48,52.83,15.23,15.41,27.32,17.37,11.25,12.99,26.8,16.72,7.06,3.5,53.48,52.83,42.09,39.63,138.16,75.99,21.18,29.7,20.91,9.93,117.25,66.06,197.63,183.16,1.74532593399341,1.67203053763083,4447137.582279803,2548026.987775572,4397823.669072273,2630229.2751804204
TOTAL US - FOOD,WEEK,08/07/2016,TPL,BRAND,REFRIGERATED,REFRIGERATED JUICES & FUNCTIONAL BEVERAGES,RF JUICE & JUICE DRINKS & OTHER FUNCTIONAL BEV,MINUTE MAID,,MINUTE MAID,4204759.21,4097155.88,2514762.21,2384624.28,95.61,95.77,95.61,95.77,758.21,731.61,1915090.08,1699203.22,2289669.13,2397952.66,1344931.19,1166661.8,1169831.02,1217962.48,3518025.25,3350994.39,1826362.66,1710285.65,686733.96,746161.48999999976,688399.55,674338.62999999989,254212.6,131774.39,502208.43,678679.16,69949.71,118254.28,1088719.34,770495.39,165937.83,77596.09,423912.06,559921.44,53859.35,105847.2,701221.95,423297.07,1.42393164367019,1.45646597840094,0.148381795892428,0.15230851917481,15.41,10.9,17.37,18.87,12.99,7.35,16.72,18.6,3.5,4.73,52.83,51.85,15.41,10.9,17.37,18.87,12.99,7.35,16.72,18.6,3.5,4.73,52.83,51.85,39.63,27.46,75.99,100.07,29.7,15.07,9.93,12.38,66.06,87.69,183.16,131.07,1.67203053763083,1.71815573395068,4397823.669072273,2630229.2751804204,4278120.371723922,2489949.128119453
TOTAL US - FOOD,WEEK,08/13/2017,TPL,BRAND,REFRIGERATED,REFRIGERATED JUICES & FUNCTIONAL BEVERAGES,RF JUICE & JUICE DRINKS & OTHER FUNCTIONAL BEV,MINUTE MAID,,MINUTE MAID,4050734.23,3966567.56,2136441.76,2170341.78,95.73,95.77,95.73,95.77,882.21,758.52,1643063.24,1528970.68,2407670.99,2437596.88,973184.9,952445.93,1163256.86,1217895.85,3646461.63,3557913.1,1788292.64,1813352.1,404272.60000000009,408654.45999999996,348149.11999999988,356989.6799999997,145229.05,196672.37,399228.96,194027.35,47075.51,55997.73,1051529.72,1082273.23,86268.67,120823.63,244673.75,131836.08,29140.05,44732.18,613102.43,655054.04,1.68833614249461,1.60530968933848,0.10953628776016,0.121640905919645,8.96,11.75,14.74,11.58,7.88,10.55,14.27,11.54,1.69,1.36,60.81,56.87,8.96,11.75,14.74,11.58,7.88,10.55,14.27,11.54,1.69,1.36,60.81,56.87,22.24,30.75,82.32,40.27,17.76,25.79,4.48,4.96,77.84,35.31,201.01,218.35,1.89601902838671,1.8276234630658,4231415.679515303,2231736.926773216,4141764.1850266266,2266202.1301033725
TOTAL US - FOOD,WEEK,08/14/2016,TPL,BRAND,REFRIGERATED,REFRIGERATED JUICES & FUNCTIONAL BEVERAGES,RF JUICE & JUICE DRINKS & OTHER FUNCTIONAL BEV,MINUTE MAID,,MINUTE MAID,3966567.56,3747593.06,2170341.78,2032238.18,95.77,95.43,95.77,95.43,758.52,728.13,1528970.68,1203224.86,2437596.88,2544368.2,952445.93,736739.39,1217895.85,1295498.79,3557913.1,3333921.38,1813352.1,1707467.72,408654.45999999996,413671.68000000017,356989.6799999997,324770.45999999996,196672.37,131468.67,194027.35,425791.83,55997.73,86135.68,1082273.23,559828.68,120823.63,74900.94,131836.08,280574.72,44732.18,58537.35,655054.04,322726.38,1.60530968933848,1.63317568781004,0.121640905919645,0.114364357528369,11.75,11.58,11.58,17.83,10.55,9.56,11.54,17.1,1.36,2.82,56.87,41.46,11.75,11.58,11.58,17.83,10.55,9.56,11.54,17.1,1.36,2.82,56.87,41.46,30.75,29.23,40.27,53.33,25.79,23.16,4.96,6.07,35.31,47.26,218.35,118.2,1.8276234630658,1.8440717711543,4141764.1850266266,2266202.1301033725,3927059.6877292255,2129559.0275594676
TOTAL US - FOOD,WEEK,08/20/2017,TPL,BRAND,REFRIGERATED,REFRIGERATED JUICES & FUNCTIONAL BEVERAGES,RF JUICE & JUICE DRINKS & OTHER FUNCTIONAL BEV,MINUTE MAID,,MINUTE MAID,3903620.01,3528119.55,2106517.45,1896939.7,95.92,95.75,95.92,95.75,882.27,754.24,1492868.88,1234523,2410751.13,2293596.55,978721.91,755819.8,1127795.54,1141119.9,3554873.73,3251445.53,1740859.84,1654326.28,348746.2799999998,276674.02,365657.6100000001,242613.41999999993,99064.03,145723.63,527846.76,415321.08,111791.78,82216.96,754166.31,591261.33,61267.9,85791.37,371318.83,286540.24,82993.36,54869.66,463141.82,328618.53,1.52532488007753,1.63335625766883,0.176886205990508,0.121804608515768,8.67,12.07,17.8,15.25,6.33,9.94,16.53,14.36,4.33,2.75,47.4,47.19,8.67,12.07,17.8,15.25,6.33,9.94,16.53,14.36,4.33,2.75,47.4,47.19,22.36,28.45,81.23,55.93,11.68,21.35,10.68,7.1,70.55,48.82,132.93,148.75,1.85311543941874,1.85990073906935,4069662.2289407835,2196119.109674729,3684720.156657963,1981138.0678851174
TOTAL US - FOOD,WEEK,08/21/2016,TPL,BRAND,REFRIGERATED,REFRIGERATED JUICES & FUNCTIONAL BEVERAGES,RF JUICE & JUICE DRINKS & OTHER FUNCTIONAL BEV,MINUTE MAID,,MINUTE MAID,3528119.55,3543115.55,1896939.7,1977809.54,95.75,95.36,95.75,95.36,754.24,726.58,1234523,1133119.55,2293596.55,2409996,755819.8,783722.96,1141119.9,1194086.58,3251445.53,3157243.55,1654326.28,1614118.92,276674.02,385872,242613.41999999993,363690.62000000011,145723.63,135795.36,415321.08,411343.27,82216.96,170589.99,591261.33,415390.93,85791.37,88799.06,286540.24,317959.39,54869.66,137444.35,328618.53,239520.16,1.63335625766883,1.44581645279347,0.121804608515768,0.192927937835985,12.07,12.31,15.25,15.83,9.94,8.94,14.36,13.82,2.75,5.95,47.19,32.86,12.07,12.31,15.25,15.83,9.94,8.94,14.36,13.82,2.75,5.95,47.19,32.86,28.45,35.63,55.93,59.16,21.35,21.59,7.1,14.03,48.82,45.12,148.75,85.03,1.85990073906935,1.79143414891203,3684720.156657963,1981138.0678851174,3715515.467701342,2074045.2390939598
TOTAL US - FOOD,WEEK,08/27/2017,TPL,BRAND,REFRIGERATED,REFRIGERATED JUICES & FUNCTIONAL BEVERAGES,RF JUICE & JUICE DRINKS & OTHER FUNCTIONAL BEV,MINUTE MAID,,MINUTE MAID,3938846,3429888.64,2170553.77,1876543.43,95.64,95.65,95.64,95.65,876.59,754.53,1945362.88,1117764.49,1993483.12,2312124.15,1182275.02,692061.81,988278.75,1184481.62,3446570.62,3137176.35,1706955.24,1587755.69,492275.37999999989,292712.29000000004,463598.53,288787.74,95961.05,144055.58,1085458.56,323587.42,229737.6,75643.26,534205.67,574478.23,62658.71,82275.72,652693.43,195328.51,160127.4,59891.08,306795.48,354566.5,1.64544022929623,1.6151223400118,9.32581540358299e-002,0.116342384866651,17.41,11.63,41.09,19.22,7.88,9.65,40.06,18.86,12.32,2.65,45.89,42.37,17.41,11.63,41.09,19.22,7.88,9.65,40.06,18.86,12.32,2.65,45.89,42.37,41.84,31.88,230.1,71.33,15.38,23.24,26.46,8.65,203.64,62.68,122.41,138.03,1.81467331260815,1.82776938980837,4118408.6156419907,2269504.150982852,3585874.1662310506,1961885.4469419757
TOTAL US - FOOD,WEEK,08/28/2016,TPL,BRAND,REFRIGERATED,REFRIGERATED JUICES & FUNCTIONAL BEVERAGES,RF JUICE & JUICE DRINKS & OTHER FUNCTIONAL BEV,MINUTE MAID,,MINUTE MAID,3429888.64,3329557.99,1876543.43,1806212.84,95.65,95.41,95.65,95.41,754.53,728.16,1117764.49,908258.08,2312124.15,2421299.91,692061.81,521699.93,1184481.62,1284512.91,3137176.35,3077311.56,1587755.69,1581975.43,292712.29000000004,252246.43000000017,288787.74,224237.41000000015,144055.58,117406.02,323587.42,169808.21,75643.26,23059.03,574478.23,597984.82,82275.72,73108.48,195328.51,98357.05,59891.08,15430.26,354566.5,334804.14,1.6151223400118,1.74095879215472,0.116342384866651,5.55676958487997e-002,11.63,8.71,19.22,8.4,9.65,7.67,18.86,7.84,2.65,1.49,42.37,39.99,11.63,8.71,19.22,8.4,9.65,7.67,18.86,7.84,2.65,1.49,42.37,39.99,31.88,26.24,71.33,34.33,23.24,22.05,8.65,4.19,62.68,30.14,138.03,128.27,1.82776938980837,1.8433918286175,3585874.1662310506,1961885.4469419757,3489736.9143695636,1893106.4249030503
TOTAL US - FOOD,WEEK,09/03/2017,TPL,BRAND,REFRIGERATED,REFRIGERATED JUICES & FUNCTIONAL BEVERAGES,RF JUICE & JUICE DRINKS & OTHER FUNCTIONAL BEV,MINUTE MAID,,MINUTE MAID,4167584.71,3728046.42,2385537.86,2123419.68,95.88,96.02,95.88,96.02,880.22,759.13,2326078.3,1592224.35,1841506.41,2135822.07,1517538.78,1065366.17,867999.08,1058053.51,3459110.55,3209790.26,1710025.99,1637650.59,708474.16000000015,518256.16000000015,675511.86999999988,485769.09000000008,133290.56,178734.88,988298.17,721180.68,277955.45,220851.04,926534.12,471457.75,80042.04,109657.47,699245.18,500744.57,222937.84,184649.06,515313.72,270315.07,1.53279661162926,1.49453248548337,0.12262266920513,0.148744587768651,16.57,15.13,40.75,29.82,10.32,11.71,39.05,29.01,9.06,6.24,59.26,38.61,16.57,15.13,40.75,29.82,10.32,11.71,39.05,29.01,9.06,6.24,59.26,38.61,42.76,44.26,178.14,125.48,20.24,24.05,22.51,20.21,155.63,105.27,184.65,120.93,1.74702098838205,1.75568045031965,4346667.407175636,2488045.327492699,3882572.8181628827,2211434.784419913
TOTAL US - FOOD,WEEK,09/04/2016,TPL,BRAND,REFRIGERATED,REFRIGERATED JUICES & FUNCTIONAL BEVERAGES,RF JUICE & JUICE DRINKS & OTHER FUNCTIONAL BEV,MINUTE MAID,,MINUTE MAID,3728046.42,3724042.45,2123419.68,2024370.21,96.02,95.46,96.02,95.46,759.13,733.54,1592224.35,1364494.14,2135822.07,2359548.31,1065366.17,883745.51,1058053.51,1140624.7,3209790.26,3256128.59,1637650.59,1649465.55,518256.16000000015,467913.86000000034,485769.09000000008,374904.65999999992,178734.88,74861.91,721180.68,618844.27,220851.04,138669.94,471457.75,532118.02,109657.47,40436.88,500744.57,440547.74,184649.06,109418.5,270315.07,293342.39,1.49453248548337,1.54398989817781,0.148744587768651,0.160695078969334,15.13,9.3,29.82,22.41,11.71,5.78,29.01,21.15,6.24,5.45,38.61,31.62,15.13,9.3,29.82,22.41,11.71,5.78,29.01,21.15,6.24,5.45,38.61,31.62,44.26,26.3,125.48,86.71,24.05,12.91,20.21,13.39,105.27,73.31,120.93,90.02,1.75568045031965,1.83960543956039,3882572.8181628827,2211434.784419913,3901154.8816258125,2120647.6115650535
TOTAL US - FOOD,WEEK,09/10/2017,TPL,BRAND,REFRIGERATED,REFRIGERATED JUICES & FUNCTIONAL BEVERAGES,RF JUICE & JUICE DRINKS & OTHER FUNCTIONAL BEV,MINUTE MAID,,MINUTE MAID,4006719.61,3629098.11,2140947.88,1909048.49,95.49,95.77,95.49,95.77,877.99,760.19,1606157.92,909066.56,2400561.69,2720031.55,956076.81,525153.79,1184871.07,1383894.7,3573075.97,3367834.87,1768930.62,1700174.31,433643.63999999966,261263.23999999976,372017.25999999978,208874.17999999993,201397.56,183155.9,173416.02,299006.66,9529.74,18899.39,1221814.6,408004.61,134679.74,110598.88,88017.64,152326.78,3909.72,10026.66,729469.71,252201.47,1.67994653065584,1.73104827064087,0.102338492979555,8.94004551494286e-002,8.94,9.29,15.12,17.44,8.36,8.24,14.83,17.41,0.79,1.12,57.62,29.73,8.94,9.29,15.12,17.44,8.36,8.24,14.83,17.41,0.79,1.12,57.62,29.73,24.86,22.07,48.76,50.86,23.58,20.02,1.28,2.05,47.48,48.8,235.71,104.05,1.8714699444248,1.90099839213618,4195957.283485182,2242065.012043146,3789389.2763913544,1993367.9544742613
TOTAL US - FOOD,WEEK,09/11/2016,TPL,BRAND,REFRIGERATED,REFRIGERATED JUICES & FUNCTIONAL BEVERAGES,RF JUICE & JUICE DRINKS & OTHER FUNCTIONAL BEV,MINUTE MAID,,MINUTE MAID,3629098.11,3580157.41,1909048.49,1822957.91,95.77,95.42,95.77,95.42,760.19,731.47,909066.56,781298.62,2720031.55,2798858.79,525153.79,437121.95,1383894.7,1385835.96,3367834.87,3295554.25,1700174.31,1616477.17,261263.23999999976,284603.16000000015,208874.17999999993,206480.74,183155.9,125999.22,299006.66,140636.25,18899.39,22655.01,408004.61,492008.14,110598.88,79464.03,152326.78,64206.06,10026.66,9133.47,252201.47,284318.39,1.73104827064087,1.78736990901509,8.94004551494286e-002,8.99003198479355e-002,9.29,6.63,17.44,11.06,8.24,6.2,17.41,10.8,1.12,0.66,29.73,27.2,9.29,6.63,17.44,11.06,8.24,6.2,17.41,10.8,1.12,0.66,29.73,27.2,22.07,16.92,50.86,25.74,20.02,15.49,2.05,1.43,48.8,24.31,104.05,97.19,1.90099839213618,1.96392763121997,3789389.2763913544,1993367.9544742613,3751998.96248166,1910456.832949067
TOTAL US - FOOD,WEEK,09/17/2017,TPL,BRAND,REFRIGERATED,REFRIGERATED JUICES & FUNCTIONAL BEVERAGES,RF JUICE & JUICE DRINKS & OTHER FUNCTIONAL BEV,MINUTE MAID,,MINUTE MAID,3773692.32,3670032.74,1894547.4,1953759.21,95.85,95.47,95.85,95.47,868.99,754.08,1114189.18,1407875.36,2659503.14,2262157.38,633983.54,889909.99,1260563.86,1063849.22,3494700.7,3151450.74,1684283.2,1566111.57,278991.61999999965,518582,210264.19999999995,387647.6399999999,132097.7,125670.49,333034.87,724219.15,16672.59,126465.42,632384.02,431520.3,82736.3,65421.01,192084.31,488490.51,10273.77,94678.41,348889.16,241320.06,1.75744180992459,1.58204242656047,0.117692559619188,0.15779226495313,7.56,10.53,11.05,18.62,6.96,7.56,10.87,18.04,0.74,3.68,40.96,39.87,7.56,10.53,11.05,18.62,6.96,7.56,10.87,18.04,0.74,3.68,40.96,39.87,20.01,27.51,63.3,108.76,18.17,16.06,1.83,11.45,61.47,97.31,130.15,98.74,1.99187010047888,1.87844680204988,3937081.1893583727,1976575.2738654148,3844173.813763486,2046464.0305855242
TOTAL US - FOOD,WEEK,09/18/2016,TPL,BRAND,REFRIGERATED,REFRIGERATED JUICES & FUNCTIONAL BEVERAGES,RF JUICE & JUICE DRINKS & OTHER FUNCTIONAL BEV,MINUTE MAID,,MINUTE MAID,3670032.74,3386497.59,1953759.21,1771321.61,95.47,95.17,95.47,95.17,754.08,728.09,1407875.36,1023192.46,2262157.38,2363305.13,889909.99,660651.92,1063849.22,1110669.69,3151450.74,2981648.82,1566111.57,1439198.99,518582,404848.77,387647.6399999999,332122.62000000011,125670.49,60195.33,724219.15,537169.75,126465.42,120959.05,431520.3,304868.33,65421.01,32226.6,488490.51,380511.02,94678.41,89332.44,241320.06,158581.86,1.58204242656047,1.54876180485482,0.15779226495313,0.189913714457437,10.53,8.28,18.62,19.41,7.56,5.01,18.04,18.73,3.68,4.5,39.87,24.29,10.53,8.28,18.62,19.41,7.56,5.01,18.04,18.73,3.68,4.5,39.87,24.29,27.51,24.74,108.76,88.01,16.06,8.93,11.45,15.81,97.31,72.2,98.74,48.19,1.87844680204988,1.91184795063839,3844173.813763486,2046464.0305855242,3558366.7016917095,1861218.4617001158
TOTAL US - FOOD,WEEK,09/24/2017,TPL,BRAND,REFRIGERATED,REFRIGERATED JUICES & FUNCTIONAL BEVERAGES,RF JUICE & JUICE DRINKS & OTHER FUNCTIONAL BEV,MINUTE MAID,,MINUTE MAID,3611141.99,3313410.89,1848386.44,1674601.8,95.9,95.46,95.9,95.46,872.01,745.79,1290533.29,683155.13,2320608.7,2630255.76,782993.2,368474.31,1065393.24,1306127.49,3323329.06,3094469.71,1598097.61,1524017.32,287812.93000000017,218941.18000000017,250288.82999999984,150584.47999999998,106661.99,158512.97,352253.73,110736.89,64912.61,17911.8,766704.96,395993.47,63079.47,92208.45,242669.78,53556.89,48073.95,10144.43,429170,212564.54,1.64820497802535,1.85401020223092,0.156355596052716,6.29810413056654e-002,8.59,9.13,16.14,10.02,6.74,8.43,15.99,9.37,2.99,0.92,46.51,35.87,8.59,9.13,16.14,10.02,6.74,8.43,15.99,9.37,2.99,0.92,46.51,35.87,20.7,22.13,69.35,28.61,13.65,19.28,7.05,2.85,62.3,25.76,161.59,87.98,1.9536726259472,1.97862613667321,3765528.6652763295,1927410.2606882167,3470994.0184370424,1754244.500314268
TOTAL US - FOOD,WEEK,09/25/2016,TPL,BRAND,REFRIGERATED,REFRIGERATED JUICES & FUNCTIONAL BEVERAGES,RF JUICE & JUICE DRINKS & OTHER FUNCTIONAL BEV,MINUTE MAID,,MINUTE MAID,3313410.89,3100053.65,1674601.8,1507735.56,95.46,95.66,95.46,95.66,745.79,724.49,683155.13,519342.36,2630255.76,2580711.29,368474.31,286447.3,1306127.49,1221288.26,3094469.71,2938210.11,1524017.32,1395609.49,218941.18000000017,161843.54000000004,150584.47999999998,112126.07000000007,158512.97,61553.63,110736.89,138572.48,17911.8,35404.64,395993.47,283811.61,92208.45,31857.03,53556.89,82820.75,10144.43,23052.26,212564.54,148717.26,1.85401020223092,1.81304679778794,6.29810413056654e-002,0.118210380336805,9.13,4.9,10.02,11.45,8.43,3.7,9.37,10.33,0.92,1.92,35.87,21.79,9.13,4.9,10.02,11.45,8.43,3.7,9.37,10.33,0.92,1.92,35.87,21.79,22.13,11.79,28.61,21.24,19.28,8.39,2.85,3.4,25.76,17.84,87.98,61.92,1.97862613667321,2.0560990482973,3470994.0184370424,1754244.500314268,3240700.0313610705,1576140.0376332847
TOTAL US - FOOD,WEEK,10/01/2017,TPL,BRAND,REFRIGERATED,REFRIGERATED JUICES & FUNCTIONAL BEVERAGES,RF JUICE & JUICE DRINKS & OTHER FUNCTIONAL BEV,MINUTE MAID,,MINUTE MAID,3558371.65,3295264.77,1765988.4,1660524.19,95.43,95.19,95.43,95.19,868.64,740.26,1032396.38,871665.38,2525975.27,2423599.39,570494.39,533936.79,1195494.01,1126587.4,3282579.19,3025503.27,1575844.56,1473788.53,275792.45999999996,269761.5,190143.83999999985,186735.65999999992,124283.54,68279.92,217896.95,419842.42,15124.72,62204.33,675091.17,321338.71,74859.45,36814.13,120301.6,275914.31,7585.91,46314.38,367747.43,174893.97,1.80965211594806,1.6325254156021,0.101885649072172,0.177350491506306,7.47,6.33,8.63,9.53,6.08,4.9,8.5,9.52,1.53,1.7,45.84,31.27,7.47,6.33,8.63,9.53,6.08,4.9,8.5,9.52,1.53,1.7,45.84,31.27,17.7,15.02,60.14,76.36,15.14,9.63,2.56,5.39,57.57,70.97,149.36,65.42,2.01494621935229,1.98447260801422,3728776.7473540814,1850558.9437283871,3461776.2054837695,1744431.3373253492
TOTAL US - FOOD,WEEK,10/02/2016,TPL,BRAND,REFRIGERATED,REFRIGERATED JUICES & FUNCTIONAL BEVERAGES,RF JUICE & JUICE DRINKS & OTHER FUNCTIONAL BEV,MINUTE MAID,,MINUTE MAID,3295264.77,3295006.71,1660524.19,1624557.62,95.19,95.36,95.19,95.36,740.26,724.72,871665.38,886483.79,2423599.39,2408522.92,533936.79,516469.72,1126587.4,1108087.9,3025503.27,2968058.72,1473788.53,1396183.98,269761.5,326947.98999999976,186735.65999999992,228373.64000000013,68279.92,87637.71,419842.42,266857.2,62204.33,89616.29,321338.71,442372.59,36814.13,44096.77,275914.31,182880.03,46314.38,65122.95,174893.97,224369.97,1.6325254156021,1.7164293581432,0.177350491506306,0.153738174644491,6.33,6.72,9.53,8.69,4.9,4.75,9.52,8.56,1.7,1.97,31.27,25.44,6.33,6.72,9.53,8.69,4.9,4.75,9.52,8.56,1.7,1.97,31.27,25.44,15.02,15.73,76.36,33.25,9.63,9.67,5.39,6.06,70.97,27.19,65.42,63.34,1.98447260801422,2.02824859483901,3461776.2054837695,1744431.3373253492,3455334.2177013424,1703604.8867449665
TOTAL US - FOOD,WEEK,10/08/2017,TPL,BRAND,REFRIGERATED,REFRIGERATED JUICES & FUNCTIONAL BEVERAGES,RF JUICE & JUICE DRINKS & OTHER FUNCTIONAL BEV,MINUTE MAID,,MINUTE MAID,3814116.89,3462805.82,1945376.7,1767852.04,95.82,95.39,95.82,95.39,870.39,743.03,1043006.75,911780.85,2771110.14,2551024.97,603885,538806.15,1341491.7,1229045.89,3526316.73,3129138.33,1705583.52,1517401.88,287800.16000000015,333667.48999999976,239793.17999999993,250450.16000000015,126073.5,80582.12,273367.35,280192.72,5389.86,56450.62,638176.04,494555.39,79830.38,50797.07,166391.64,163890.17,2741.62,40440.96,354921.36,283677.95,1.72716121446964,1.69222428140436,0.119067590041021,0.136075684423381,5.47,6.2,13.81,10.34,4.87,5.37,13.81,10.02,0.67,1.69,43.86,34.66,5.47,6.2,13.81,10.34,4.87,5.37,13.81,10.02,0.67,1.69,43.86,34.66,13.08,14.25,63.56,53.61,11.83,9.78,1.25,4.47,62.31,49.15,130.49,121.1,1.96060582508262,1.95876450158125,3980501.868085995,2030240.7639323734,3630156.012160604,1853288.6466086593
TOTAL US - FOOD,WEEK,10/09/2016,TPL,BRAND,REFRIGERATED,REFRIGERATED JUICES & FUNCTIONAL BEVERAGES,RF JUICE & JUICE DRINKS & OTHER FUNCTIONAL BEV,MINUTE MAID,,MINUTE MAID,3462805.82,3231691.69,1767852.04,1543200.44,95.39,95.58,95.39,95.58,743.03,722.58,911780.85,457502.94,2551024.97,2774188.75,538806.15,249535.94,1229045.89,1293664.5,3129138.33,3087651.34,1517401.88,1447904.04,333667.48999999976,144040.35000000009,250450.16000000015,95296.3999999999,80582.12,119152.1,280192.72,52205.62,56450.62,7517.12,494555.39,278628.1,50797.07,71426.1,163890.17,25405.74,40440.96,2840.86,283677.95,149863.24,1.69222428140436,1.83341501829356,0.136075684423381,0.124505944769371,6.2,4.64,10.34,2.89,5.37,4.27,10.02,2.78,1.69,0.4,34.66,17.49,6.2,4.64,10.34,2.89,5.37,4.27,10.02,2.78,1.69,0.4,34.66,17.49,14.25,10.99,53.61,7.52,9.78,10.35,4.47,0.64,49.15,6.88,121.1,42.6,1.95876450158125,2.09414902058996,3630156.012160604,1853288.6466086593,3381137.9891190627,1614564.1766059846
TOTAL US - FOOD,WEEK,10/15/2017,TPL,BRAND,REFRIGERATED,REFRIGERATED JUICES & FUNCTIONAL BEVERAGES,RF JUICE & JUICE DRINKS & OTHER FUNCTIONAL BEV,MINUTE MAID,,MINUTE MAID,3938909.76,3424126.29,2086936.92,1772441.29,95.81,95.42,95.81,95.42,867.92,736.88,1382087.27,1389243.45,2556822.49,2034882.84,824309.34,829178.84,1262627.58,943262.45,3450959.88,2986210.53,1693840.47,1444149.65,487949.87999999989,437915.76000000024,393096.44999999995,328291.64000000013,94761.02,65418.15,475986.98,816723.42,47811.5,109363.36,763527.77,397738.52,58138.5,34600.93,278079.33,516212,29126.12,74242.82,458965.39,204123.09,1.67666093653628,1.6754448895488,0.111661392623696,0.132734178050489,6.15,11.93,13.07,33.56,4.45,6.33,12.96,32.78,2.27,6.8,52.9,51.41,6.15,11.93,13.07,33.56,4.45,6.33,12.96,32.78,2.27,6.8,52.9,51.41,14.07,23.02,95.79,134.62,8.35,10.71,5.72,12.3,90.07,122.32,146.05,100.01,1.88741198751709,1.93187007621561,4111167.6860452974,2178203.6530633545,3588478.6103542233,1857515.4998952001
TOTAL US - FOOD,WEEK,10/16/2016,TPL,BRAND,REFRIGERATED,REFRIGERATED JUICES & FUNCTIONAL BEVERAGES,RF JUICE & JUICE DRINKS & OTHER FUNCTIONAL BEV,MINUTE MAID,,MINUTE MAID,3424126.29,3174810.69,1772441.29,1545041.29,95.42,95.31,95.42,95.31,736.88,717.69,1389243.45,515126.2,2034882.84,2659684.49,829178.84,287549.68,943262.45,1257491.61,2986210.53,3039931.31,1444149.65,1446768.69,437915.76000000024,134879.37999999989,328291.64000000013,98272.6000000001,65418.15,89239.59,816723.42,152527.38,109363.36,6456.99,397738.52,266902.24,34600.93,48355.85,516212,97808.93,74242.82,4034.54,204123.09,137350.36,1.6754448895488,1.79143374459676,0.132734178050489,0.128187670395771,11.93,4.62,33.56,4.31,6.33,4.53,32.78,4.23,6.8,0.12,51.41,24.12,11.93,4.62,33.56,4.31,6.33,4.53,32.78,4.23,6.8,0.12,51.41,24.12,23.02,9.97,134.62,17.19,10.71,9.56,12.3,0.41,122.32,16.78,100.01,42.53,1.93187007621561,2.05483873508649,3588478.6103542233,1857515.4998952001,3331036.2920994647,1621069.447067464
TOTAL US - FOOD,WEEK,10/22/2017,TPL,BRAND,REFRIGERATED,REFRIGERATED JUICES & FUNCTIONAL BEVERAGES,RF JUICE & JUICE DRINKS & OTHER FUNCTIONAL BEV,MINUTE MAID,,MINUTE MAID,3484567.77,3306010.07,1757968.35,1772215.95,95.33,95.12,95.33,95.12,857.51,736.41,568054.68,1243805.23,2916513.09,2062204.84,337875.56,769805.11,1420092.79,1002410.84,3295171.39,2856376.23,1599406.84,1385687.67,189396.37999999989,449633.83999999985,158561.51,386528.28,98748.21,93693.64,96151.95,516614.57,25276.17,148192.18,347878.35,485304.84,59214.09,59969.3,71247.53,340879.13,15240.8,109741.04,192173.14,259215.64,1.68125412799908,1.61574041772729,0.151805405888482,0.133868052810873,6.3,12.75,3.51,23.15,5.5,6.8,2.71,21.62,1.3,6.41,37.79,43.09,6.3,12.75,3.51,23.15,5.5,6.8,2.71,21.62,1.3,6.41,37.79,43.09,15.64,25.85,17.05,79.6,13.32,12.17,2.32,13.69,14.73,65.91,80.52,121.05,1.98215614632653,1.86546682981834,3655268.8240847583,1844087.223329487,3475620.3427249785,1863137.0374264086
TOTAL US - FOOD,WEEK,10/23/2016,TPL,BRAND,REFRIGERATED,REFRIGERATED JUICES & FUNCTIONAL BEVERAGES,RF JUICE & JUICE DRINKS & OTHER FUNCTIONAL BEV,MINUTE MAID,,MINUTE MAID,3306010.07,3003385.19,1772215.95,1478477.19,95.12,95.19,95.12,95.19,736.41,712.65,1243805.23,621058.01,2062204.84,2382327.18,769805.11,353617.13,1002410.84,1124860.06,2856376.23,2795305.67,1385687.67,1321622.7,449633.83999999985,208079.52000000002,386528.28,156854.49,93693.64,87412.94,516614.57,182504.68,148192.18,29920.55,485304.84,321219.84,59969.3,56165.76,340879.13,109782.44,109741.04,20614.83,259215.64,167054.1,1.61574041772729,1.75630069165484,0.133868052810873,0.135425412618184,12.75,4.65,23.15,6.97,6.8,4.25,21.62,6.66,6.41,0.86,43.09,31.38,12.75,4.65,23.15,6.97,6.8,4.25,21.62,6.66,6.41,0.86,43.09,31.38,25.85,11.03,79.6,25.89,12.17,8.74,13.69,2.29,65.91,23.6,121.05,62.85,1.86546682981834,2.03140448179657,3475620.3427249785,1863137.0374264086,3155147.799138565,1553185.4081311063
TOTAL US - FOOD,WEEK,10/29/2017,TPL,BRAND,REFRIGERATED,REFRIGERATED JUICES & FUNCTIONAL BEVERAGES,RF JUICE & JUICE DRINKS & OTHER FUNCTIONAL BEV,MINUTE MAID,,MINUTE MAID,3644059.97,3394727.49,2059724.19,1944164.14,95.73,94.87,95.73,94.87,854.83,734.56,1304983.97,1547418.51,2339076,1847308.98,950677.6,1082736.23,1109046.59,861427.91,3084005.73,2796577.58,1495160.53,1363612.64,560054.24000000022,598149.91000000015,564563.65999999992,580551.5,91984.99,86935.86,644368.42,569478.08,157842.38,88642.14,410788.18,802362.43,58069.42,47872.75,529570.18,472806.22,136444.03,69799.82,226593.97,492257.44,1.3726882488869,1.42917403807574,0.224118369390862,0.181510467974016,8.96,9.59,16.17,14,6.39,7.49,16.1,13.6,5.66,3.16,40.26,45.51,8.96,9.59,16.17,14,6.39,7.49,16.1,13.6,5.66,3.16,40.26,45.51,29.23,20.9,116.62,91,10.93,12.57,18.3,8.33,98.32,82.67,96,137.19,1.76919802548903,1.74611156545661,3806601.869842265,2151597.398934503,3578293.9706967426,2049292.8639190467
TOTAL US - FOOD,WEEK,10/30/2016,TPL,BRAND,REFRIGERATED,REFRIGERATED JUICES & FUNCTIONAL BEVERAGES,RF JUICE & JUICE DRINKS & OTHER FUNCTIONAL BEV,MINUTE MAID,,MINUTE MAID,3394727.49,3215921.3,1944164.14,1733431.6,94.87,95.13,94.87,95.13,734.56,714.09,1547418.51,886578.39,1847308.98,2329342.91,1082736.23,618024.64,861427.91,1115406.96,2796577.58,2768890.77,1363612.64,1312918.1,598149.91000000015,447030.5299999998,580551.5,420513.5,86935.86,84689.52,569478.08,354954.14,88642.14,90551.05,802362.43,356383.68,47872.75,51691.35,472806.22,295628.15,69799.82,78827.25,492257.44,191877.89,1.42917403807574,1.43453566835135,0.181510467974016,0.226762962499318,9.59,6.85,14,10.83,7.49,4.85,13.6,10.62,3.16,3.19,45.51,31.33,9.59,6.85,14,10.83,7.49,4.85,13.6,10.62,3.16,3.19,45.51,31.33,20.9,20.5,91,56.36,12.57,9.57,8.33,10.93,82.67,45.43,137.19,66.25,1.74611156545661,1.85523403403976,3578293.9706967426,2049292.8639190467,3380554.2941238307,1822171.3444759804
TOTAL US - FOOD,WEEK,11/05/2017,TPL,BRAND,REFRIGERATED,REFRIGERATED JUICES & FUNCTIONAL BEVERAGES,RF JUICE & JUICE DRINKS & OTHER FUNCTIONAL BEV,MINUTE MAID,,MINUTE MAID,3522326.11,3404205.66,1782509.35,1740202.69,95.31,95.05,95.31,95.05,852.3,737.87,866499.09,1148918.73,2655827.02,2255286.93,477738.29,630588.42,1304771.06,1109614.27,3230934.75,2951112,1571191.99,1438720.63,291391.35999999987,453093.66000000015,211317.3600000001,301482.06000000006,86401.45,92220.15,262348.42,293887.94,9615.06,12779.08,508134.16,750031.56,55017.69,51486.95,142113.96,158786.75,4478.01,9271.69,276128.63,411043.03,1.81375265105922,1.82197879561442,8.21318191062232e-002,6.86190207288554e-002,4.44,5.97,21.73,12.25,4.08,5.64,21.48,12.22,0.56,0.36,35.1,50.12,4.44,5.97,21.73,12.25,4.08,5.64,21.48,12.22,0.56,0.36,35.1,50.12,10.77,11.64,54.49,58.53,9.52,11.05,1.25,0.59,53.24,57.94,121.98,156.96,1.97604916350088,1.95621215825152,3695652.1980904415,1870222.7992865387,3581489.384534456,1830828.7112046292
TOTAL US - FOOD,WEEK,11/06/2016,TPL,BRAND,REFRIGERATED,REFRIGERATED JUICES & FUNCTIONAL BEVERAGES,RF JUICE & JUICE DRINKS & OTHER FUNCTIONAL BEV,MINUTE MAID,,MINUTE MAID,3404205.66,3265719.44,1740202.69,1688833.44,95.05,95.24,95.05,95.24,737.87,719.96,1148918.73,1314641.41,2255286.93,1951078.03,630588.42,802620.02,1109614.27,886213.42,2951112,2799648.27,1438720.63,1320224.38,453093.66000000015,466071.16999999993,301482.06000000006,368609.06000000006,92220.15,55079.69,293887.94,697408.87,12779.08,46937.18,750031.56,515215.67,51486.95,32222.77,158786.75,461998.8,9271.69,32377.59,411043.03,276020.86,1.82197879561442,1.63793747631663,6.86190207288554e-002,0.152957370204243,5.97,5.8,12.25,25.9,5.64,4.11,12.22,25.22,0.36,2.58,50.12,43.81,5.97,5.8,12.25,25.9,5.64,4.11,12.22,25.22,0.36,2.58,50.12,43.81,11.64,12.59,58.53,81.25,11.05,7.97,0.59,4.62,57.94,76.63,156.96,97.94,1.95621215825152,1.93371315527717,3581489.384534456,1830828.7112046292,3428936.833263335,1773239.647207056
TOTAL US - FOOD,WEEK,11/12/2017,TPL,BRAND,REFRIGERATED,REFRIGERATED JUICES & FUNCTIONAL BEVERAGES,RF JUICE & JUICE DRINKS & OTHER FUNCTIONAL BEV,MINUTE MAID,,MINUTE MAID,3756120.15,3307718.58,1940843.19,1647524.59,95.59,95.12,95.59,95.12,854.92,731.36,1324422.21,827976.97,2431697.94,2479741.61,793822.83,454533.49,1147020.36,1192991.1,3289400.71,3063879.33,1591330.08,1494444.26,466719.43999999994,243839.25,349513.10999999987,153080.33000000007,82259.82,63031.32,453560.02,290747.6,26413.92,22893.85,762188.45,451304.2,54385.09,33639.29,266774.24,174101.28,16405.77,13862.05,456257.73,232930.87,1.66841033030002,1.82159728208366,0.137907548647385,9.26899484568622e-002,4.82,5.34,16.07,8.63,3.82,4.6,15.97,8.36,1.57,0.95,42.8,39.49,4.82,5.34,16.07,8.63,3.82,4.6,15.97,8.36,1.57,0.95,42.8,39.49,10.17,9.97,84.68,36.78,7.14,7.95,3.03,2.02,81.66,34.75,138.38,115.93,1.9353032585801,2.00768996109491,3929406.9986400246,2030383.0840046029,3477416.5054667788,1732048.5597140454
TOTAL US - FOOD,WEEK,11/13/2016,TPL,BRAND,REFRIGERATED,REFRIGERATED JUICES & FUNCTIONAL BEVERAGES,RF JUICE & JUICE DRINKS & OTHER FUNCTIONAL BEV,MINUTE MAID,,MINUTE MAID,3307718.58,3172446.45,1647524.59,1648629.75,95.12,94.97,95.12,94.97,731.36,715.35,827976.97,1014633.62,2479741.61,2157812.83,454533.49,630904.72,1192991.1,1017725.03,3063879.33,2791231.84,1494444.26,1330395,243839.25,381214.61000000034,153080.33000000007,318234.75,63031.32,39440.22,290747.6,144414.36,22893.85,4620.39,451304.2,826158.65,33639.29,26055.33,174101.28,84924.72,13862.05,3351.17,232930.87,516573.5,1.82159728208366,1.60822004945533,9.26899484568622e-002,0.164254004010525,5.34,2.68,8.63,7.44,4.6,2.58,8.36,7.38,0.95,0.39,39.49,56.65,5.34,2.68,8.63,7.44,4.6,2.58,8.36,7.38,0.95,0.39,39.49,56.65,9.97,5.21,36.78,16.18,7.95,4.74,2.02,0.47,34.75,15.7,115.93,149.6,2.00768996109491,1.92429285593081,3477416.5054667788,1732048.5597140454,3340472.201747921,1735947.9309255555
TOTAL US - FOOD,WEEK,11/19/2017,TPL,BRAND,REFRIGERATED,REFRIGERATED JUICES & FUNCTIONAL BEVERAGES,RF JUICE & JUICE DRINKS & OTHER FUNCTIONAL BEV,MINUTE MAID,,MINUTE MAID,3412764.17,3207569.06,1656685.16,1606895.44,95.58,94.95,95.58,94.95,848.71,731.97,471080.61,647469.01,2941683.56,2560100.05,225438.01,346807.02,1431247.15,1260088.42,3259870.05,2981752.75,1556313.06,1451710.1,152894.12000000011,225816.31000000006,100372.09999999986,155185.33999999985,40646.75,51631.61,72984.21,60530.28,2165.77,1926.7,355283.88,533380.42,24513.8,32715.37,31080.17,30091.51,845.11,665.51,168998.93,283334.63,2.08962370631288,1.86694320662829,-1.43825977382859e-002,6.47177132111476e-002,3.4,3.59,6.75,8.18,3.3,3.5,6.72,8.08,0.11,0.1,36.25,42.19,3.4,3.59,6.75,8.18,3.3,3.5,6.72,8.08,0.11,0.1,36.25,42.19,5.38,6.67,23.58,16.53,5.13,6.48,0.25,0.19,23.33,16.34,90.67,111.13,2.0599956179966,1.99612804925254,3570583.9820046034,1733296.8821929274,3378166.466561348,1692359.5997893626
TOTAL US - FOOD,WEEK,11/20/2016,TPL,BRAND,REFRIGERATED,REFRIGERATED JUICES & FUNCTIONAL BEVERAGES,RF JUICE & JUICE DRINKS & OTHER FUNCTIONAL BEV,MINUTE MAID,,MINUTE MAID,3207569.06,2975693.06,1606895.44,1478182.16,94.95,94.85,94.95,94.85,731.97,716.11,647469.01,764374.86,2560100.05,2211318.2,346807.02,465059.15,1260088.42,1013123.01,2981752.75,2750852.64,1451710.1,1299635.99,225816.31000000006,224840.41999999993,155185.33999999985,178546.16999999993,51631.61,22479.55,60530.28,36763.15,1926.7,1515.09,533380.42,703617.07,32715.37,13020.22,30091.51,14404.61,665.51,488.3,283334.63,437146.02,1.86694320662829,1.64360782924065,6.47177132111476e-002,0.183534147429894,3.59,1.35,8.18,4.93,3.5,1.31,8.08,4.89,0.1,0.04,42.19,41.95,3.59,1.35,8.18,4.93,3.5,1.31,8.08,4.89,0.1,0.04,42.19,41.95,6.67,2.66,16.53,6.92,6.48,2.58,0.19,0.08,16.34,6.84,111.13,117.79,1.99612804925254,2.0130760203465,3378166.466561348,1692359.5997893626,3137262.055877702,1558441.9188191884
TOTAL US - FOOD,WEEK,11/26/2017,TPL,BRAND,REFRIGERATED,REFRIGERATED JUICES & FUNCTIONAL BEVERAGES,RF JUICE & JUICE DRINKS & OTHER FUNCTIONAL BEV,MINUTE MAID,,MINUTE MAID,3260187.16,3130836.53,1572762.29,1588549.69,95.16,94.48,95.16,94.48,842.83,727.04,584069.48,778356.79,2676117.68,2352479.74,287992.76,441368.09,1284769.53,1147181.6,3056498.04,2826154.02,1451645.43,1383712.57,203689.12000000011,304682.50999999978,121116.8600000001,204837.11999999988,43319.22,47427.62,286039.66,192792.43,2669.04,2831.39,252041.56,535305.35,23663.19,30224.89,144771.46,100362.97,1094.85,1328.95,118463.26,309451.28,2.02807001120445,1.76350943268237,2.16291646574568e-002,0.105216022696768,3.79,3.67,10.13,10.22,3.61,3.45,10.1,10.12,0.18,0.27,29.47,36.46,3.79,3.67,10.13,10.22,3.61,3.45,10.1,10.12,0.18,0.27,29.47,36.46,5.75,6.98,79.56,49.49,5.46,6.67,0.29,0.31,79.27,49.18,73.49,112.7,2.07290521951668,1.97087730381289,3426005.842791089,1652755.6641445986,3313755.8530906006,1681360.8065198981
TOTAL US - FOOD,WEEK,11/27/2016,TPL,BRAND,REFRIGERATED,REFRIGERATED JUICES & FUNCTIONAL BEVERAGES,RF JUICE & JUICE DRINKS & OTHER FUNCTIONAL BEV,MINUTE MAID,,MINUTE MAID,3130836.53,2833199.99,1588549.69,1379490.76,94.48,94.76,94.48,94.76,727.04,712.66,778356.79,468212.83,2352479.74,2364987.16,441368.09,262400.35,1147181.6,1117090.41,2826154.02,2664017.44,1383712.57,1267292.09,304682.50999999978,169182.55000000028,204837.11999999988,112198.66999999993,47427.62,16973.65,192792.43,119796.93,2831.39,3567.41,535305.35,327874.84,30224.89,8937.55,100362.97,59475.51,1328.95,1534.03,309451.28,192453.26,1.76350943268237,1.78434529527114,0.105216022696768,0.13119869541013,3.67,1.1,10.22,5.69,3.45,0.93,10.12,5.64,0.27,0.19,36.46,22.53,3.67,1.1,10.22,5.69,3.45,0.93,10.12,5.64,0.27,0.19,36.46,22.53,6.98,2.38,49.49,33.73,6.67,2.1,0.31,0.29,49.18,33.44,112.7,59.36,1.97087730381289,2.05380135347916,3313755.8530906006,1681360.8065198981,2989869.132545378,1455773.279864922
TOTAL US - FOOD,WEEK,12/03/2017,TPL,BRAND,REFRIGERATED,REFRIGERATED JUICES & FUNCTIONAL BEVERAGES,RF JUICE & JUICE DRINKS & OTHER FUNCTIONAL BEV,MINUTE MAID,,MINUTE MAID,3370832.15,3012919.21,1644534.75,1491117.14,95.12,94.58,95.12,94.58,841.92,726.99,755120.71,673127.32,2615711.44,2339791.89,405407.79,381966.77,1239126.96,1109150.37,3066302.67,2801777.84,1454234.17,1360928.27,304529.48,211141.37000000011,190300.58000000007,130188.86999999988,57165.97,55591.65,240139.65,397060.54,930.4,27153.29,456884.69,193321.84,35396.88,33485.58,119232.25,229479.66,376.27,17013.88,250402.39,101987.65,1.86262012873507,1.76226670189137,9.12797222032266e-002,0.127840509058491,3.71,4.73,7.82,12.87,3.55,4.24,7.82,12.57,0.2,1.12,34.1,22.34,3.71,4.73,7.82,12.87,3.55,4.24,7.82,12.57,0.2,1.12,34.1,22.34,6.67,10.54,72.83,79.44,6.4,7.94,0.27,2.6,72.56,76.84,92.37,48.06,2.04971780012554,2.02057848386077,3543768.029857022,1728905.3301093355,3185577.511101713,1576567.0754916472
TOTAL US - FOOD,WEEK,12/04/2016,TPL,BRAND,REFRIGERATED,REFRIGERATED JUICES & FUNCTIONAL BEVERAGES,RF JUICE & JUICE DRINKS & OTHER FUNCTIONAL BEV,MINUTE MAID,,MINUTE MAID,3012919.21,2911375.6,1491117.14,1426219.84,94.58,94.64,94.58,94.64,726.99,709.74,673127.32,588230.9,2339791.89,2323144.7,381966.77,341074.59,1109150.37,1085145.25,2801777.84,2680724.59,1360928.27,1268042.73,211141.37000000011,230651.01000000024,130188.86999999988,158177.1100000001,55591.65,26964.19,397060.54,281378,27153.29,9592.32,193321.84,270296.39,33485.58,14916.28,229479.66,160028.3,17013.88,7574.76,101987.65,158555.25,1.76226670189137,1.72464005600652,0.127840509058491,0.155136195846662,4.73,1.57,12.87,10.21,4.24,1.51,12.57,10.14,1.12,0.19,22.34,23.26,4.73,1.57,12.87,10.21,4.24,1.51,12.57,10.14,1.12,0.19,22.34,23.26,10.54,3.16,79.44,55.78,7.94,2.8,2.6,0.37,76.84,55.41,48.06,61.93,2.02057848386077,2.04132316656035,3185577.511101713,1576567.0754916472,3076263.3136094674,1506994.7590870669
TOTAL US - FOOD,WEEK,12/10/2017,TPL,BRAND,REFRIGERATED,REFRIGERATED JUICES & FUNCTIONAL BEVERAGES,RF JUICE & JUICE DRINKS & OTHER FUNCTIONAL BEV,MINUTE MAID,,MINUTE MAID,3614829.58,3226277.3,1799434.69,1602385.11,95.34,94.98,95.34,94.98,842.89,729.37,888489.7,541765.63,2726339.88,2684511.67,541788.38,281202.95,1257646.31,1321182.16,3306822.27,3022662.36,1574996.22,1480067.14,308007.31000000006,203614.93999999994,224438.46999999997,122317.9700000002,71590.02,45527.22,522354.75,282179.14,21649.61,10894.5,272895.32,203164.77,38930.56,24553.69,332328.17,145237.6,13488.22,5868.06,157041.43,105543.6,1.6399201843347,1.92660009434467,0.183660196638355,4.31215245811333e-002,4.85,4.22,9.34,13.96,4.41,3.66,9.32,13.51,0.86,0.6,25.6,19.13,4.85,4.22,9.34,13.96,4.41,3.66,9.32,13.51,0.86,0.6,25.6,19.13,8.93,7.79,55.13,76.23,7.29,6.79,1.63,1.01,53.49,75.22,59.02,46.82,2.0088695633627,2.01342191703217,3791514.1388714076,1887386.92049507,3396796.483470204,1687076.3423878711
TOTAL US - FOOD,WEEK,12/11/2016,TPL,BRAND,REFRIGERATED,REFRIGERATED JUICES & FUNCTIONAL BEVERAGES,RF JUICE & JUICE DRINKS & OTHER FUNCTIONAL BEV,MINUTE MAID,,MINUTE MAID,3226277.3,3187923.81,1602385.11,1598220.39,94.98,94.55,94.98,94.55,729.37,713.6,541765.63,648909.25,2684511.67,2539014.56,281202.95,379899.64,1321182.16,1218320.75,3022662.36,2895082.53,1480067.14,1382681.12,203614.93999999994,292841.28000000026,122317.9700000002,215539.26999999979,45527.22,48950.53,282179.14,238192.22,10894.5,5079.13,203164.77,356687.37,24553.69,32940.32,145237.6,147449.11,5868.06,3319.01,105543.6,196191.2,1.92660009434467,1.70810704111223,4.31215245811333e-002,0.143664759852549,4.22,1.77,13.96,9.06,3.66,1.74,13.51,8.99,0.6,0.08,19.13,29.62,4.22,1.77,13.96,9.06,3.66,1.74,13.51,8.99,0.6,0.08,19.13,29.62,7.79,3.67,76.23,49.89,6.79,3.57,1.01,0.1,75.22,49.79,46.82,80.31,2.01342191703217,1.99467096649918,3396796.483470204,1687076.3423878711,3371680.39132734,1690344.1459545214
TOTAL US - FOOD,WEEK,12/17/2017,TPL,BRAND,REFRIGERATED,REFRIGERATED JUICES & FUNCTIONAL BEVERAGES,RF JUICE & JUICE DRINKS & OTHER FUNCTIONAL BEV,MINUTE MAID,,MINUTE MAID,3480186.08,3054183.7,1780936.19,1521434.78,95.19,94.85,95.19,94.85,842.71,728.13,716877.38,665016.04,2763308.7,2389167.66,451425.03,376910.79,1329511.16,1144523.99,3198525.5,2892302.97,1526978.5,1409754.89,281660.58000000007,161880.72999999998,253957.68999999994,111679.89000000013,68382.7,51992.9,265599.44,338601.68,25881.33,12594.57,357013.91,261826.89,40552.68,29584.69,191815.34,194486.33,18058.55,7990.04,200998.46,144849.73,1.58803197066853,1.76438578476355,0.187347014662905,0.121075167064489,4.96,4.1,5.77,12.27,3.76,3.93,5.76,12.24,1.22,0.33,33,22.45,4.96,4.1,5.77,12.27,3.76,3.93,5.76,12.24,1.22,0.33,33,22.45,9.88,7.74,34.85,59.87,6.54,6.56,3.34,1.18,31.51,58.68,90.61,74.28,1.95413294397707,2.00743649359718,3656041.685050951,1870927.8180481142,3220014.443858725,1604042.9942013707
TOTAL US - FOOD,WEEK,12/18/2016,TPL,BRAND,REFRIGERATED,REFRIGERATED JUICES & FUNCTIONAL BEVERAGES,RF JUICE & JUICE DRINKS & OTHER FUNCTIONAL BEV,MINUTE MAID,,MINUTE MAID,3054183.7,2908178.85,1521434.78,1452358.05,94.85,94.54,94.85,94.54,728.13,710.31,665016.04,554455.79,2389167.66,2353723.06,376910.79,349227.27,1144523.99,1103130.78,2892302.97,2753230.14,1409754.89,1313501.08,161880.72999999998,154948.70999999996,111679.89000000013,138856.96999999997,51992.9,38410.27,338601.68,247603.4,12594.57,9762.16,261826.89,258679.96,29584.69,26207.39,194486.33,145547.39,7990.04,5342.93,144849.73,172129.56,1.76438578476355,1.58766464600545,0.121075167064489,0.207112888078938,4.1,2.23,12.27,9.09,3.93,1.86,12.24,8.77,0.33,0.41,22.45,18.16,4.1,2.23,12.27,9.09,3.93,1.86,12.24,8.77,0.33,0.41,22.45,18.16,7.74,4.02,59.87,27.64,6.56,3.2,1.18,0.82,58.68,26.83,74.28,60.97,2.00743649359718,2.0023842261211,3220014.443858725,1604042.9942013707,3076135.8684154856,1536236.5665326845
TOTAL US - FOOD,WEEK,12/24/2017,TPL,BRAND,REFRIGERATED,REFRIGERATED JUICES & FUNCTIONAL BEVERAGES,RF JUICE & JUICE DRINKS & OTHER FUNCTIONAL BEV,MINUTE MAID,,MINUTE MAID,3501119.23,3185790.88,1767345.76,1598401.2,95.17,95,95.17,95,842.93,729.9,792198.49,463727.33,2708920.74,2722063.55,458549.3,250345.88,1308796.46,1348055.32,3245562.73,3040281.73,1552579.59,1495398.04,255556.5,145509.14999999991,214766.16999999993,103003.15999999992,58339.73,54836.85,259353.97,145120.78,23638.77,683.11,450866.02,263086.59,32141.92,33180.28,141614.82,69416.85,17548.05,293.43,267244.51,147455.32,1.72761901501104,1.85234656148525,0.127907408890176,7.06254496233904e-002,4.92,3.82,12.46,10.69,4.07,3.76,12.44,10.68,1.04,0.06,35.73,23.28,4.92,3.82,12.46,10.69,4.07,3.76,12.44,10.68,1.04,0.06,35.73,23.28,10.29,7.85,61.03,41.63,6.59,7.78,3.69,0.07,57.34,41.56,93.65,69.09,1.98100411885448,1.9931109160829,3678805.5374592836,1857040.8321950196,3353464.084210526,1682527.5789473685
TOTAL US - FOOD,WEEK,12/25/2016,TPL,BRAND,REFRIGERATED,REFRIGERATED JUICES & FUNCTIONAL BEVERAGES,RF JUICE & JUICE DRINKS & OTHER FUNCTIONAL BEV,MINUTE MAID,,MINUTE MAID,3185790.88,3087731.93,1598401.2,1599613.96,95,94.55,95,94.55,729.9,709.49,463727.33,806294.05,2722063.55,2281437.88,250345.88,504023.99,1348055.32,1095589.97,3040281.73,2833983.32,1495398.04,1380484.22,145509.14999999991,253748.61000000034,103003.15999999992,219129.74,54836.85,47615.34,145120.78,309054.81,683.11,11073.39,263086.59,438550.51,33180.28,31550.25,69416.85,179309.49,293.43,7054.81,147455.32,286109.44,1.85234656148525,1.59971363664654,7.06254496233904e-002,0.171260872642472,3.82,2.13,10.69,12.21,3.76,1.81,10.68,12,0.06,0.46,23.28,25.62,3.82,2.13,10.69,12.21,3.76,1.81,10.68,12,0.06,0.46,23.28,25.62,7.85,4.88,41.63,54.1,7.78,4,0.07,0.88,41.56,53.22,69.09,85.6,1.9931109160829,1.93029818894554,3353464.084210526,1682527.5789473685,3265713.305129561,1691818.0433632997
TOTAL US - FOOD,WEEK,12/31/2017,TPL,BRAND,REFRIGERATED,REFRIGERATED JUICES & FUNCTIONAL BEVERAGES,RF JUICE & JUICE DRINKS & OTHER FUNCTIONAL BEV,MINUTE MAID,,MINUTE MAID,3670443.54,3365694.85,1979417.01,1838526.76,94.97,95.2,94.97,95.2,840.87,733.65,1167926.27,916531.29,2502517.27,2449163.56,841083.09,615024.26,1138333.92,1223502.5,3177531.9,2927746.98,1504088.49,1427355.86,492911.64000000013,437947.87000000011,475328.52,411170.89999999991,78630.78,51034.25,676250.76,400626.03,59107.8,24000.42,353936.93,440870.59,47755.81,29126.35,523187.39,327584.84,51623.29,21806.9,218516.6,236506.17,1.38859796836481,1.49023599491831,0.251149238864806,0.185951526362366,6.32,4.38,13.05,13.53,5.66,3.95,13.05,13.49,1.96,0.86,30.62,36.6,6.32,4.38,13.05,13.53,5.66,3.95,13.05,13.49,1.96,0.86,30.62,36.6,16.75,9.49,91.04,69.38,9.9,6.84,6.86,2.66,84.19,66.72,78.69,97.97,1.85430534417808,1.8306477355815,3864845.256396757,2084255.0384331895,3535393.75,1931225.588235294
